,Ages
0,4
1,4
2,4
3,4
4,4
5,4
6,4
7,4
8,4
9,4
10,4
11,4
12,4
13,4
14,4
15,4
16,4
17,4
18,4
19,4
20,4
21,4
22,4
23,4
24,4
25,4
26,4
27,4
28,4
29,4
30,4
31,4
32,15
33,15
34,4
35,4
36,4
37,4
38,4
39,4
40,4
41,4
42,4
43,4
44,4
45,4
46,4
47,4
48,4
49,7
50,4
51,4
52,4
53,4
54,4
55,4
56,4
57,4
58,4
59,4
60,4
61,4
62,4
63,4
64,4
65,4
66,4
67,4
68,4
69,4
70,4
71,4
72,4
73,4
74,4
75,4
76,4
77,4
78,4
79,4
80,4
81,4
82,4
83,4
84,4
85,4
86,4
87,4
88,4
89,4
90,4
91,4
92,4
93,4
94,4
95,4
96,4
97,4
98,4
99,4
100,4
101,4
102,4
103,4
104,4
105,4
106,4
107,4
108,4
109,4
110,4
111,4
112,4
113,4
114,4
115,4
116,4
117,4
118,15
119,4
120,4
121,4
122,4
123,4
124,4
125,4
126,4
127,4
128,4
129,4
130,4
131,4
132,4
133,4
134,4
135,4
136,4
137,15
138,15
139,4
140,4
141,4
142,4
143,4
144,4
145,4
146,4
147,4
148,4
149,4
150,4
151,4
152,4
153,4
154,4
155,4
156,4
157,4
158,4
159,4
160,4
161,4
162,4
163,4
164,4
165,4
166,4
167,4
168,4
169,4
170,4
171,4
172,4
173,4
174,4
175,4
176,4
177,4
178,4
179,4
180,4
181,4
182,4
183,4
184,4
185,4
186,4
187,4
188,4
189,4
190,4
191,4
192,4
193,4
194,4
195,4
196,4
197,15
198,4
199,4
200,15
201,4
202,4
203,4
204,4
205,4
206,4
207,4
208,4
209,15
210,4
211,4
212,4
213,4
214,4
215,4
216,4
217,4
218,4
219,4
220,4
221,4
222,4
223,4
224,4
225,4
226,4
227,4
228,4
229,4
230,4
231,4
232,4
233,4
234,4
235,4
236,4
237,4
238,4
239,15
240,4
241,4
242,4
243,4
244,4
245,4
246,4
247,4
248,4
249,4
250,4
251,4
252,4
253,4
254,4
255,4
256,15
257,4
258,4
259,4
260,4
261,4
262,4
263,4
264,4
265,4
266,4
267,4
268,1
269,1
270,1
271,1
272,1
273,1
274,1
275,1
276,1
277,1
278,1
279,1
280,1
281,1
282,1
283,1
284,1
285,1
286,1
287,1
288,1
289,1
290,1
291,7
292,1
293,1
294,1
295,1
296,7
297,1
298,1
299,1
300,1
301,1
302,1
303,1
304,1
305,1
306,1
307,1
308,1
309,1
310,1
311,1
312,1
313,1
314,1
315,1
316,1
317,1
318,1
319,1
320,1
321,1
322,1
323,1
324,1
325,1
326,1
327,1
328,1
329,1
330,1
331,1
332,1
333,1
334,1
335,1
336,1
337,1
338,1
339,1
340,1
341,1
342,1
343,1
344,1
345,1
346,1
347,1
348,1
349,1
350,1
351,1
352,1
353,1
354,1
355,1
356,1
357,1
358,1
359,1
360,1
361,1
362,1
363,1
364,1
365,1
366,1
367,1
368,1
369,1
370,1
371,1
372,1
373,1
374,1
375,1
376,1
377,1
378,1
379,1
380,1
381,1
382,1
383,1
384,1
385,1
386,1
387,1
388,1
389,1
390,1
391,1
392,1
393,1
394,1
395,1
396,1
397,1
398,1
399,1
400,1
401,1
402,1
403,1
404,1
405,1
406,1
407,1
408,1
409,1
410,1
411,1
412,1
413,1
414,1
415,1
416,1
417,1
418,1
419,1
420,1
421,1
422,1
423,1
424,1
425,1
426,1
427,1
428,1
429,1
430,1
431,1
432,1
433,1
434,1
435,1
436,1
437,1
438,1
439,1
440,1
441,1
442,1
443,1
444,1
445,1
446,1
447,1
448,1
449,1
450,1
451,1
452,1
453,1
454,1
455,1
456,1
457,1
458,1
459,1
460,1
461,1
462,1
463,1
464,1
465,1
466,1
467,1
468,1
469,1
470,7
471,1
472,1
473,1
474,1
475,1
476,1
477,1
478,1
479,1
480,1
481,1
482,1
483,1
484,1
485,1
486,1
487,1
488,7
489,7
490,1
491,1
492,1
493,1
494,1
495,1
496,1
497,1
498,1
499,1
500,1
501,1
502,1
503,1
504,1
505,1
506,1
507,1
508,1
509,1
510,2
511,2
512,2
513,2
514,2
515,2
516,2
517,2
518,2
519,2
520,2
521,2
522,2
523,2
524,2
525,2
526,2
527,2
528,2
529,2
530,2
531,2
532,2
533,2
534,2
535,2
536,2
537,2
538,2
539,2
540,2
541,7
542,2
543,7
544,2
545,2
546,2
547,2
548,2
549,2
550,2
551,2
552,2
553,2
554,2
555,2
556,2
557,5
558,5
559,2
560,2
561,2
562,2
563,2
564,2
565,2
566,2
567,2
568,2
569,2
570,2
571,2
572,2
573,2
574,2
575,2
576,2
577,2
578,2
579,2
580,2
581,2
582,2
583,2
584,2
585,2
586,2
587,2
588,2
589,2
590,2
591,2
592,2
593,2
594,7
595,2
596,2
597,2
598,2
599,2
600,2
601,2
602,2
603,2
604,2
605,2
606,2
607,2
608,2
609,2
610,2
611,2
612,2
613,2
614,2
615,2
616,2
617,2
618,2
619,2
620,2
621,2
622,2
623,2
624,2
625,2
626,2
627,2
628,2
629,2
630,2
631,2
632,2
633,2
634,2
635,2
636,2
637,2
638,2
639,2
640,2
641,2
642,2
643,2
644,2
645,2
646,2
647,2
648,2
649,2
650,2
651,2
652,2
653,2
654,2
655,2
656,2
657,2
658,2
659,2
660,2
661,2
662,5
663,2
664,2
665,2
666,2
667,2
668,2
669,2
670,2
671,2
672,2
673,2
674,2
675,2
676,2
677,2
678,2
679,2
680,2
681,2
682,2
683,2
684,2
685,2
686,2
687,2
688,2
689,2
690,2
691,2
692,2
693,2
694,2
695,2
696,2
697,2
698,2
699,2
700,2
701,2
702,7
703,15
704,15
705,0
706,0
707,7
708,0
709,0
710,0
711,0
712,0
713,0
714,0
715,0
716,0
717,0
718,0
719,0
720,0
721,0
722,15
723,0
724,0
725,0
726,0
727,0
728,9
729,9
730,5
731,5
732,9
733,0
734,5
735,0
736,0
737,0
738,0
739,0
740,0
741,0
742,0
743,9
744,9
745,9
746,5
747,0
748,5
749,9
750,9
751,9
752,9
753,5
754,0
755,0
756,0
757,0
758,0
759,0
760,0
761,9
762,0
763,0
764,0
765,0
766,0
767,0
768,9
769,9
770,9
771,9
772,5
773,5
774,5
775,0
776,0
777,0
778,0
779,0
780,0
781,0
782,0
783,9
784,0
785,0
786,0
787,0
788,0
789,9
790,0
791,0
792,0
793,0
794,0
795,0
796,0
797,0
798,0
799,0
800,0
801,0
802,0
803,9
804,0
805,0
806,9
807,0
808,0
809,0
810,0
811,0
812,0
813,9
814,0
815,0
816,0
817,0
818,9
819,0
820,0
821,0
822,0
823,0
824,0
825,0
826,0
827,0
828,0
829,0
830,5
831,9
832,9
833,9
834,5
835,9
836,9
837,5
838,0
839,0
840,0
841,0
842,9
843,9
844,9
845,5
846,9
847,5
848,5
849,0
850,0
851,0
852,5
853,0
854,0
855,9
856,0
857,0
858,0
859,0
860,9
861,9
862,5
863,9
864,5
865,5
866,9
867,0
868,15
869,0
870,0
871,0
872,0
873,0
874,0
875,0
876,0
877,0
878,9
879,9
880,9
881,5
882,5
883,0
884,0
885,9
886,9
887,0
888,0
889,0
890,9
891,9
892,9
893,9
894,5
895,5
896,5
897,0
898,0
899,0
900,0
901,0
902,0
903,0
904,0
905,0
906,0
907,0
908,0
909,9
910,0
911,5
912,0
913,0
914,0
915,0
916,0
917,0
918,0
919,0
920,9
921,9
922,5
923,5
924,5
925,9
926,0
927,0
928,0
929,0
930,0
931,0
932,0
933,0
934,0
935,5
936,0
937,0
938,0
939,0
940,0
941,0
942,0
943,0
944,0
945,0
946,0
947,0
948,0
949,0
950,0
951,0
952,0
953,0
954,0
955,0
956,0
957,0
958,0
959,0
960,0
961,0
962,0
963,0
964,0
965,0
966,9
967,0
968,0
969,0
970,0
971,0
972,9
973,9
974,9
975,5
976,5
977,5
978,0
979,0
980,0
981,9
982,9
983,9
984,5
985,9
986,5
987,5
988,5
989,0
990,0
991,0
992,0
993,0
994,0
995,0
996,0
997,5
998,0
999,0
1000,0
1001,0
1002,0
1003,0
1004,0
1005,0
1006,0
1007,0
1008,0
1009,0
1010,0
1011,9
1012,0
1013,0
1014,0
1015,0
1016,0
1017,0
1018,0
1019,0
1020,0
1021,9
1022,5
1023,9
1024,9
1025,9
1026,9
1027,5
1028,5
1029,0
1030,0
1031,0
1032,0
1033,0
1034,0
1035,0
1036,9
1037,0
1038,0
1039,0
1040,0
1041,0
1042,0
1043,0
1044,9
1045,9
1046,9
1047,5
1048,0
1049,9
1050,5
1051,0
1052,0
1053,0
1054,0
1055,0
1056,0
1057,0
1058,0
1059,0
1060,0
1061,0
1062,0
1063,0
1064,0
1065,0
1066,0
1067,0
1068,0
1069,0
1070,0
1071,0
1072,0
1073,0
1074,0
1075,0
1076,0
1077,0
1078,0
1079,0
1080,0
1081,5
1082,0
1083,0
1084,0
1085,0
1086,0
1087,0
1088,0
1089,0
1090,0
1091,0
1092,9
1093,9
1094,9
1095,9
1096,9
1097,5
1098,0
1099,0
1100,5
1101,0
1102,0
1103,0
1104,9
1105,0
1106,9
1107,9
1108,5
1109,5
1110,9
1111,9
1112,9
1113,5
1114,0
1115,5
1116,0
1117,0
1118,0
1119,0
1120,0
1121,0
1122,0
1123,0
1124,0
1125,0
1126,0
1127,0
1128,0
1129,0
1130,0
1131,0
1132,0
1133,0
1134,0
1135,0
1136,0
1137,0
1138,9
1139,5
1140,9
1141,9
1142,5
1143,9
1144,5
1145,9
1146,0
1147,0
1148,0
1149,9
1150,9
1151,5
1152,5
1153,5
1154,9
1155,0
1156,9
1157,5
1158,0
1159,0
1160,0
1161,0
1162,0
1163,0
1164,9
1165,9
1166,9
1167,9
1168,5
1169,5
1170,0
1171,6
1172,6
1173,6
1174,6
1175,6
1176,6
1177,2
1178,6
1179,10
1180,6
1181,2
1182,2
1183,2
1184,6
1185,2
1186,6
1187,6
1188,6
1189,6
1190,6
1191,2
1192,2
1193,2
1194,2
1195,2
1196,6
1197,2
1198,6
1199,6
1200,2
1201,6
1202,6
1203,2
1204,6
1205,6
1206,10
1207,6
1208,6
1209,6
1210,2
1211,6
1212,6
1213,2
1214,6
1215,6
1216,2
1217,6
1218,10
1219,6
1220,2
1221,2
1222,2
1223,10
1224,2
1225,2
1226,6
1227,6
1228,6
1229,6
1230,2
1231,6
1232,10
1233,2
1234,6
1235,2
1236,6
1237,6
1238,2
1239,6
1240,6
1241,6
1242,6
1243,6
1244,6
1245,6
1246,2
1247,6
1248,6
1249,2
1250,2
1251,6
1252,6
1253,2
1254,10
1255,2
1256,2
1257,6
1258,2
1259,6
1260,6
1261,2
1262,6
1263,2
1264,6
1265,2
1266,6
1267,6
1268,6
1269,6
1270,6
1271,2
1272,2
1273,6
1274,6
1275,2
1276,2
1277,6
1278,2
1279,10
1280,15
1281,10
1282,10
1283,10
1284,10
1285,10
1286,10
1287,10
1288,10
1289,10
1290,10
1291,10
1292,15
1293,10
1294,10
1295,10
1296,10
1297,10
1298,4
1299,17
1300,17
1301,17
1302,17
1303,17
1304,17
1305,17
1306,17
1307,17
1308,4
1309,4
1310,4
1311,17
1312,17
1313,17
1314,17
1315,17
1316,17
1317,4
1318,4
1319,17
1320,4
1321,4
1322,17
1323,4
1324,17
1325,17
1326,17
1327,17
1328,17
1329,17
1330,17
1331,17
1332,4
1333,17
1334,2
1335,4
1336,17
1337,17
1338,17
1339,17
1340,17
1341,17
1342,17
1343,4
1344,17
1345,17
1346,17
1347,17
1348,4
1349,17
1350,17
1351,17
1352,17
1353,17
1354,4
1355,17
1356,17
1357,4
1358,17
1359,17
1360,17
1361,4
1362,17
1363,17
1364,17
1365,17
1366,17
1367,17
1368,17
1369,17
1370,17
1371,17
1372,17
1373,17
1374,17
1375,17
1376,17
1377,17
1378,17
1379,17
1380,17
1381,17
1382,17
1383,17
1384,17
1385,17
1386,17
1387,17
1388,17
1389,17
1390,17
1391,17
1392,17
1393,17
1394,17
1395,17
1396,17
1397,17
1398,17
1399,17
1400,17
1401,4
1402,17
1403,17
1404,17
1405,17
1406,17
1407,17
1408,17
1409,17
1410,4
1411,17
1412,17
1413,17
1414,17
1415,4
1416,17
1417,4
1418,4
1419,17
1420,17
1421,17
1422,17
1423,17
1424,17
1425,17
1426,17
1427,17
1428,17
1429,17
1430,17
1431,0
1432,3
1433,3
1434,3
1435,3
1436,0
1437,3
1438,0
1439,3
1440,0
1441,3
1442,0
1443,3
1444,3
1445,3
1446,0
1447,0
1448,3
1449,0
1450,3
1451,5
1452,11
1453,11
1454,5
1455,5
1456,11
1457,5
1458,11
1459,11
1460,5
1461,11
1462,5
1463,11
1464,5
1465,11
1466,11
1467,5
1468,11
1469,5
1470,5
1471,11
1472,11
1473,11
1474,5
1475,11
1476,5
1477,11
1478,5
1479,11
1480,5
1481,5
1482,5
1483,11
1484,11
1485,5
1486,11
1487,11
1488,11
1489,5
1490,11
1491,11
1492,5
1493,11
1494,11
1495,5
1496,5
1497,11
1498,11
1499,11
1500,11
1501,11
1502,11
1503,5
1504,5
1505,5
1506,11
1507,11
1508,11
1509,11
1510,5
1511,11
1512,11
1513,11
1514,11
1515,11
1516,11
1517,11
1518,11
1519,11
1520,5
1521,11
1522,5
1523,11
1524,11
1525,11
1526,5
1527,11
1528,11
1529,11
1530,11
1531,5
1532,5
1533,5
1534,11
1535,11
1536,11
1537,5
1538,11
1539,11
1540,11
1541,11
1542,5
1543,5
1544,5
1545,11
1546,5
1547,11
1548,5
1549,5
1550,11
1551,11
1552,11
1553,6
1554,6
1555,6
1556,6
1557,6
1558,6
1559,6
1560,6
1561,6
1562,12
1563,12
1564,12
1565,12
1566,4
1567,4
1568,4
1569,18
1570,4
1571,18
1572,4
1573,18
1574,18
1575,18
1576,18
1577,18
1578,13
1579,13
1580,18
1581,4
1582,0
1583,4
1584,13
1585,18
1586,2
1587,2
1588,2
1589,2
1590,2
1591,2
1592,2
1593,6
1594,2
1595,2
1596,2
1597,2
1598,2
1599,2
1600,6
1601,6
1602,6
1603,2
1604,2
1605,2
1606,2
1607,6
1608,6
1609,2
1610,6
1611,2
1612,2
1613,2
1614,6
1615,2
1616,6
1617,2
1618,2
1619,2
1620,2
1621,6
1622,2
1623,2
1624,2
1625,6
1626,2
1627,2
1628,2
1629,2
1630,6
1631,2
1632,2
1633,6
1634,6
1635,6
1636,2
1637,6
1638,4
1639,4
1640,4
1641,4
1642,4
1643,4
1644,4
1645,4
1646,4
1647,4
1648,4
1649,4
1650,4
1651,4
1652,4
1653,4
1654,1
1655,1
1656,1
1657,1
1658,1
1659,1
1660,1
1661,1
1662,1
1663,1
1664,1
1665,1
1666,1
1667,1
1668,1
1669,1
1670,1
1671,1
1672,1
1673,1
1674,1
1675,1
1676,1
1677,1
1678,1
1679,5
1680,12
1681,12
1682,16
1683,12
1684,9
1685,9
1686,9
1687,9
1688,9
1689,9
1690,9
1691,9
1692,9
1693,9
1694,9
1695,9
1696,0
1697,0
1698,0
1699,0
1700,0
1701,0
1702,0
1703,0
1704,0
1705,0
1706,0
1707,0
1708,0
1709,0
1710,0
1711,0
1712,0
1713,0
1714,0
1715,0
1716,0
1717,0
1718,0
1719,0
1720,0
1721,0
1722,0
1723,0
1724,0
1725,0
1726,0
1727,0
1728,0
1729,0
1730,0
1731,0
1732,0
1733,0
1734,0
1735,0
1736,0
1737,0
1738,0
1739,0
1740,0
1741,0
1742,0
1743,0
1744,0
1745,0
1746,0
1747,0
1748,0
1749,0
1750,0
1751,0
1752,0
1753,0
1754,0
1755,0
1756,0
1757,0
1758,0
1759,0
1760,0
1761,0
1762,0
1763,0
1764,0
1765,0
1766,0
1767,0
1768,0
1769,0
1770,0
1771,0
1772,0
1773,0
1774,0
1775,0
1776,0
1777,0
1778,0
1779,0
1780,0
1781,0
1782,0
1783,0
1784,0
1785,0
1786,0
1787,0
1788,0
1789,0
1790,0
1791,0
1792,0
1793,0
1794,0
1795,0
1796,0
1797,0
1798,0
1799,0
1800,0
1801,0
1802,0
1803,16
1804,16
1805,16
1806,16
1807,16
1808,16
1809,16
1810,16
1811,16
1812,16
1813,16
1814,70
1815,70
1816,70
1817,70
1818,70
1819,70
1820,70
1821,70
1822,70
1823,70
1824,70
1825,70
1826,70
1827,70
1828,70
1829,70
1830,70
1831,70
1832,70
1833,70
1834,70
1835,70
1836,70
1837,60
1838,60
1839,60
1840,60
1841,60
1842,60
1843,60
1844,60
1845,60
1846,60
1847,60
1848,60
1849,60
1850,60
1851,60
1852,60
1853,60
1854,60
1855,60
1856,60
1857,75
1858,75
1859,75
1860,75
1861,75
1862,75
1863,75
1864,75
1865,75
1866,75
1867,75
1868,75
1869,75
1870,75
1871,75
1872,75
1873,75
1874,75
1875,75
1876,75
1877,75
1878,75
1879,75
1880,75
1881,75
1882,75
1883,75
1884,75
1885,75
1886,75
1887,75
1888,75
1889,60
1890,60
1891,60
1892,60
1893,60
1894,60
1895,60
1896,60
1897,60
1898,60
1899,60
1900,60
1901,60
1902,60
1903,60
1904,60
1905,60
1906,60
1907,60
1908,60
1909,60
1910,60
1911,60
1912,60
1913,60
1914,60
1915,60
1916,60
1917,60
1918,60
1919,60
1920,60
1921,60
1922,60
1923,60
1924,60
1925,60
1926,60
1927,60
1928,60
1929,60
1930,60
1931,60
1932,80
1933,80
1934,80
1935,80
1936,80
1937,80
1938,80
1939,60
1940,4
1941,4
1942,4
1943,13
1944,4
1945,15
1946,15
1947,4
1948,15
1949,13
1950,15
1951,8
1952,13
1953,15
1954,15
1955,8
1956,4
1957,8
1958,13
1959,8
1960,13
1961,13
1962,4
1963,8
1964,4
1965,15
1966,15
1967,4
1968,4
1969,8
1970,13
1971,60
1972,60
1973,13
1974,60
1975,8
1976,4
1977,8
1978,13
1979,13
1980,8
1981,4
1982,15
1983,13
1984,13
1985,8
1986,13
1987,15
1988,15
1989,15
1990,4
1991,13
1992,13
1993,60
1994,4
1995,4
1996,8
1997,15
1998,13
1999,60
2000,15
2001,15
2002,8
2003,4
2004,15
2005,15
2006,13
2007,8
2008,8
2009,60
2010,13
2011,60
2012,8
2013,4
2014,4
2015,15
2016,8
2017,15
2018,4
2019,4
2020,8
2021,13
2022,4
2023,13
2024,15
2025,4
2026,13
2027,13
2028,13
2029,8
2030,4
2031,13
2032,8
2033,8
2034,13
2035,8
2036,4
2037,15
2038,13
2039,4
2040,15
2041,15
2042,15
2043,13
2044,4
2045,8
2046,4
2047,8
2048,13
2049,15
2050,13
2051,15
2052,13
2053,15
2054,15
2055,8
2056,15
2057,13
2058,13
2059,8
2060,4
2061,4
2062,13
2063,4
2064,15
2065,13
2066,13
2067,8
2068,9
2069,60
2070,4
2071,13
2072,9
2073,13
2074,4
2075,9
2076,13
2077,4
2078,9
2079,4
2080,15
2081,4
2082,13
2083,60
2084,4
2085,9
2086,13
2087,4
2088,9
2089,13
2090,13
2091,15
2092,15
2093,9
2094,4
2095,4
2096,15
2097,4
2098,4
2099,15
2100,15
2101,15
2102,9
2103,13
2104,15
2105,13
2106,15
2107,13
2108,4
2109,4
2110,14
2111,4
2112,4
2113,4
2114,15
2115,14
2116,9
2117,4
2118,14
2119,9
2120,4
2121,9
2122,4
2123,4
2124,14
2125,4
2126,4
2127,15
2128,15
2129,15
2130,14
2131,14
2132,60
2133,4
2134,15
2135,60
2136,14
2137,15
2138,14
2139,15
2140,9
2141,9
2142,14
2143,14
2144,14
2145,9
2146,15
2147,14
2148,4
2149,4
2150,14
2151,9
2152,60
2153,4
2154,4
2155,9
2156,15
2157,9
2158,14
2159,60
2160,60
2161,14
2162,9
2163,4
2164,14
2165,14
2166,14
2167,9
2168,14
2169,15
2170,60
2171,60
2172,14
2173,9
2174,4
2175,9
2176,14
2177,4
2178,16
2179,9
2180,4
2181,14
2182,4
2183,14
2184,14
2185,16
2186,4
2187,14
2188,14
2189,9
2190,14
2191,4
2192,14
2193,16
2194,14
2195,14
2196,14
2197,16
2198,4
2199,14
2200,9
2201,9
2202,14
2203,14
2204,4
2205,4
2206,4
2207,4
2208,4
2209,16
2210,16
2211,14
2212,9
2213,14
2214,4
2215,4
2216,14
2217,4
2218,4
2219,14
2220,4
2221,9
2222,14
2223,14
2224,16
2225,16
2226,4
2227,4
2228,4
2229,14
2230,14
2231,4
2232,14
2233,4
2234,14
2235,9
2236,4
2237,4
2238,16
2239,60
2240,60
2241,14
2242,9
2243,4
2244,60
2245,4
2246,16
2247,14
2248,4
2249,14
2250,9
2251,14
2252,4
2253,14
2254,9
2255,14
2256,16
2257,9
2258,14
2259,60
2260,14
2261,60
2262,9
2263,4
2264,4
2265,14
2266,16
2267,60
2268,16
2269,9
2270,14
2271,9
2272,16
2273,14
2274,16
2275,14
2276,14
2277,9
2278,16
2279,4
2280,14
2281,9
2282,14
2283,14
2284,9
2285,9
2286,14
2287,16
2288,14
2289,16
2290,16
2291,9
2292,16
2293,14
2294,16
2295,14
2296,4
2297,16
2298,16
2299,14
2300,14
2301,4
2302,4
2303,14
2304,16
2305,4
2306,4
2307,14
2308,8
2309,16
2310,4
2311,4
2312,14
2313,16
2314,16
2315,16
2316,8
2317,16
2318,4
2319,14
2320,10
2321,4
2322,10
2323,14
2324,16
2325,14
2326,14
2327,16
2328,4
2329,16
2330,16
2331,16
2332,14
2333,14
2334,4
2335,14
2336,16
2337,4
2338,16
2339,14
2340,4
2341,10
2342,14
2343,4
2344,4
2345,4
2346,10
2347,14
2348,14
2349,60
2350,16
2351,16
2352,14
2353,10
2354,14
2355,14
2356,16
2357,14
2358,16
2359,16
2360,16
2361,10
2362,14
2363,4
2364,14
2365,10
2366,14
2367,4
2368,14
2369,60
2370,14
2371,60
2372,10
2373,4
2374,10
2375,4
2376,4
2377,14
2378,4
2379,60
2380,10
2381,16
2382,14
2383,16
2384,4
2385,14
2386,16
2387,16
2388,16
2389,14
2390,10
2391,16
2392,14
2393,4
2394,10
2395,16
2396,14
2397,16
2398,16
2399,10
2400,4
2401,16
2402,16
2403,14
2404,16
2405,10
2406,4
2407,4
2408,60
2409,4
2410,14
2411,14
2412,16
2413,10
2414,4
2415,10
2416,14
2417,4
2418,14
2419,14
2420,4
2421,14
2422,10
2423,4
2424,14
2425,4
2426,14
2427,10
2428,4
2429,16
2430,14
2431,10
2432,4
2433,14
2434,16
2435,10
2436,4
2437,16
2438,16
2439,14
2440,14
2441,4
2442,10
2443,4
2444,14
2445,14
2446,4
2447,16
2448,16
2449,14
2450,10
2451,14
2452,4
2453,14
2454,14
2455,4
2456,16
2457,14
2458,10
2459,14
2460,11
2461,14
2462,5
2463,16
2464,14
2465,16
2466,16
2467,17
2468,17
2469,11
2470,17
2471,17
2472,17
2473,17
2474,17
2475,17
2476,11
2477,17
2478,17
2479,17
2480,11
2481,17
2482,17
2483,17
2484,17
2485,17
2486,17
2487,17
2488,17
2489,17
2490,17
2491,17
2492,17
2493,17
2494,17
2495,17
2496,17
2497,11
2498,17
2499,17
2500,11
2501,17
2502,17
2503,17
2504,17
2505,17
2506,17
2507,17
2508,17
2509,17
2510,17
2511,11
2512,17
2513,17
2514,17
2515,17
2516,17
2517,17
2518,17
2519,17
2520,17
2521,17
2522,17
2523,17
2524,11
2525,17
2526,17
2527,17
2528,17
2529,17
2530,17
2531,17
2532,17
2533,17
2534,17
2535,11
2536,17
2537,17
2538,17
2539,17
2540,17
2541,17
2542,17
2543,11
2544,17
2545,11
2546,17
2547,17
2548,17
2549,17
2550,17
2551,17
2552,17
2553,17
2554,11
2555,17
2556,17
2557,17
2558,17
2559,17
2560,17
2561,17
2562,17
2563,17
2564,17
2565,17
2566,17
2567,17
2568,17
2569,18
2570,18
2571,18
2572,18
2573,18
2574,18
2575,18
2576,11
2577,18
2578,18
2579,11
2580,18
2581,18
2582,18
2583,18
2584,18
2585,18
2586,18
2587,18
2588,18
2589,18
2590,18
2591,18
2592,18
2593,18
2594,18
2595,11
2596,18
2597,18
2598,18
2599,18
2600,18
2601,18
2602,18
2603,18
2604,18
2605,18
2606,18
2607,18
2608,11
2609,18
2610,18
2611,18
2612,18
2613,18
2614,18
2615,18
2616,18
2617,18
2618,18
2619,18
2620,18
2621,18
2622,18
2623,18
2624,18
2625,18
2626,18
2627,18
2628,18
2629,18
2630,18
2631,18
2632,18
2633,18
2634,18
2635,18
2636,18
2637,18
2638,11
2639,18
2640,18
2641,18
2642,18
2643,18
2644,18
2645,18
2646,11
2647,11
2648,18
2649,11
2650,11
2651,11
2652,19
2653,19
2654,19
2655,19
2656,19
2657,19
2658,19
2659,19
2660,19
2661,19
2662,19
2663,11
2664,19
2665,19
2666,19
2667,19
2668,19
2669,11
2670,19
2671,11
2672,19
2673,19
2674,19
2675,19
2676,19
2677,19
2678,19
2679,19
2680,19
2681,19
2682,19
2683,19
2684,19
2685,19
2686,11
2687,19
2688,19
2689,19
2690,19
2691,19
2692,11
2693,19
2694,19
2695,19
2696,19
2697,19
2698,19
2699,19
2700,19
2701,19
2702,19
2703,19
2704,19
2705,11
2706,19
2707,19
2708,19
2709,11
2710,19
2711,19
2712,19
2713,19
2714,11
2715,19
2716,19
2717,11
2718,19
2719,11
2720,19
2721,19
2722,19
2723,19
2724,19
2725,19
2726,19
2727,19
2728,19
2729,11
2730,19
2731,11
2732,19
2733,19
2734,11
2735,19
2736,19
2737,19
2738,19
2739,11
2740,19
2741,19
2742,19
2743,11
2744,19
2745,19
2746,19
2747,19
2748,19
2749,15
2750,15
2751,12
2752,5
2753,12
2754,5
2755,12
2756,15
2757,15
2758,70
2759,5
2760,5
2761,5
2762,5
2763,15
2764,5
2765,15
2766,5
2767,5
2768,5
2769,15
2770,15
2771,5
2772,5
2773,15
2774,12
2775,15
2776,15
2777,5
2778,5
2779,12
2780,15
2781,15
2782,12
2783,15
2784,15
2785,5
2786,5
2787,5
2788,12
2789,12
2790,5
2791,5
2792,5
2793,5
2794,5
2795,12
2796,12
2797,5
2798,12
2799,5
2800,12
2801,12
2802,12
2803,12
2804,12
2805,15
2806,12
2807,12
2808,15
2809,12
2810,15
2811,5
2812,15
2813,12
2814,5
2815,5
2816,5
2817,5
2818,15
2819,5
2820,5
2821,15
2822,5
2823,5
2824,12
2825,12
2826,5
2827,15
2828,5
2829,12
2830,15
2831,5
2832,12
2833,5
2834,15
2835,15
2836,12
2837,12
2838,5
2839,15
2840,15
2841,15
2842,12
2843,12
2844,5
2845,12
2846,12
2847,12
2848,5
2849,15
2850,5
2851,12
2852,20
2853,12
2854,5
2855,20
2856,12
2857,5
2858,5
2859,20
2860,5
2861,20
2862,5
2863,5
2864,12
2865,12
2866,20
2867,5
2868,10
2869,5
2870,5
2871,20
2872,10
2873,5
2874,20
2875,5
2876,5
2877,20
2878,10
2879,5
2880,10
2881,10
2882,5
2883,20
2884,10
2885,10
2886,20
2887,10
2888,5
2889,20
2890,5
2891,5
2892,5
2893,5
2894,5
2895,20
2896,5
2897,10
2898,5
2899,10
2900,10
2901,10
2902,20
2903,20
2904,10
2905,5
2906,5
2907,5
2908,10
2909,5
2910,5
2911,20
2912,20
2913,10
2914,5
2915,5
2916,5
2917,5
2918,10
2919,20
2920,10
2921,5
2922,5
2923,20
2924,10
2925,10
2926,5
2927,20
2928,5
2929,5
2930,10
2931,10
2932,10
2933,5
2934,5
2935,5
2936,10
2937,10
2938,10
2939,5
2940,5
2941,5
2942,5
2943,10
2944,20
2945,10
2946,0
2947,5
2948,10
2949,20
2950,5
2951,20
2952,5
2953,5
2954,20
2955,10
2956,10
2957,5
2958,10
2959,20
2960,10
2961,10
2962,10
2963,20
2964,20
2965,10
2966,20
2967,5
2968,10
2969,10
2970,0
2971,5
2972,20
2973,10
2974,10
2975,20
2976,5
2977,5
2978,5
2979,20
2980,10
2981,5
2982,5
2983,5
2984,5
2985,10
2986,10
2987,10
2988,5
2989,5
2990,20
2991,10
2992,5
2993,10
2994,20
2995,10
2996,20
2997,5
2998,10
2999,5
3000,5
3001,5
3002,10
3003,5
3004,5
3005,5
3006,5
3007,5
3008,10
3009,5
3010,6
3011,20
3012,6
3013,6
3014,20
3015,20
3016,10
3017,10
3018,10
3019,10
3020,10
3021,6
3022,6
3023,70
3024,6
3025,70
3026,6
3027,6
3028,70
3029,6
3030,6
3031,6
3032,6
3033,6
3034,70
3035,6
3036,6
3037,6
3038,6
3039,6
3040,6
3041,6
3042,70
3043,70
3044,6
3045,6
3046,6
3047,6
3048,6
3049,6
3050,6
3051,6
3052,6
3053,6
3054,6
3055,6
3056,70
3057,6
3058,6
3059,6
3060,6
3061,6
3062,6
3063,6
3064,6
3065,70
3066,6
3067,6
3068,70
3069,6
3070,6
3071,70
3072,6
3073,6
3074,6
3075,6
3076,70
3077,70
3078,6
3079,70
3080,70
3081,70
3082,6
3083,6
3084,6
3085,70
3086,6
3087,70
3088,6
3089,6
3090,6
3091,70
3092,6
3093,6
3094,6
3095,6
3096,70
3097,6
3098,70
3099,70
3100,70
3101,6
3102,70
3103,6
3104,6
3105,70
3106,6
3107,6
3108,6
3109,6
3110,6
3111,70
3112,70
3113,6
3114,70
3115,6
3116,6
3117,70
3118,6
3119,6
3120,70
3121,6
3122,6
3123,6
3124,70
3125,6
3126,6
3127,70
3128,6
3129,6
3130,6
3131,6
3132,6
3133,6
3134,75
3135,6
3136,6
3137,8
3138,8
3139,8
3140,8
3141,8
3142,8
3143,8
3144,8
3145,8
3146,8
3147,8
3148,8
3149,8
3150,8
3151,8
3152,8
3153,8
3154,8
3155,8
3156,8
3157,8
3158,8
3159,8
3160,8
3161,8
3162,8
3163,8
3164,8
3165,8
3166,8
3167,8
3168,8
3169,8
3170,8
3171,8
3172,8
3173,8
3174,8
3175,8
3176,8
3177,8
3178,8
3179,8
3180,8
3181,8
3182,8
3183,8
3184,8
3185,8
3186,9
3187,9
3188,9
3189,9
3190,9
3191,9
3192,9
3193,9
3194,9
3195,9
3196,9
3197,9
3198,9
3199,9
3200,9
3201,9
3202,9
3203,9
3204,9
3205,9
3206,9
3207,9
3208,9
3209,9
3210,9
3211,9
3212,9
3213,9
3214,9
3215,9
3216,9
3217,9
3218,9
3219,9
3220,9
3221,9
3222,9
3223,9
3224,9
3225,9
3226,9
3227,9
3228,9
3229,9
3230,9
3231,9
3232,9
3233,9
3234,9
3235,9
3236,9
3237,9
3238,9
3239,9
3240,12
3241,12
3242,12
3243,12
3244,12
3245,12
3246,12
3247,12
3248,12
3249,12
3250,12
3251,12
3252,12
3253,12
3254,12
3255,12
3256,12
3257,12
3258,12
3259,12
3260,12
3261,12
3262,12
3263,12
3264,12
3265,12
3266,12
3267,12
3268,12
3269,12
3270,12
3271,12
3272,12
3273,12
3274,12
3275,12
3276,12
3277,12
3278,12
3279,12
3280,12
3281,12
3282,12
3283,12
3284,12
3285,12
3286,12
3287,12
3288,12
3289,12
3290,7
3291,7
3292,7
3293,7
3294,7
3295,7
3296,7
3297,7
3298,7
3299,7
3300,7
3301,7
3302,7
3303,7
3304,7
3305,7
3306,7
3307,7
3308,7
3309,7
3310,7
3311,7
3312,7
3313,7
3314,7
3315,7
3316,7
3317,7
3318,7
3319,7
3320,7
3321,7
3322,7
3323,7
3324,7
3325,7
3326,7
3327,7
3328,7
3329,7
3330,7
3331,7
3332,7
3333,7
3334,7
3335,7
3336,7
3337,7
3338,7
3339,7
3340,7
3341,7
3342,7
3343,7
3344,7
3345,7
3346,7
3347,7
3348,7
3349,7
3350,7
3351,7
3352,7
3353,7
3354,7
3355,7
3356,7
3357,7
3358,7
3359,7
3360,7
3361,7
3362,7
3363,7
3364,7
3365,7
3366,7
3367,7
3368,7
3369,7
3370,7
3371,7
3372,7
3373,20
3374,20
3375,20
3376,20
3377,75
3378,7
3379,75
3380,4
3381,4
3382,75
3383,7
3384,7
3385,4
3386,4
3387,75
3388,7
3389,7
3390,4
3391,4
3392,7
3393,7
3394,4
3395,7
3396,7
3397,75
3398,75
3399,7
3400,7
3401,7
3402,4
3403,7
3404,7
3405,75
3406,7
3407,7
3408,7
3409,7
3410,4
3411,7
3412,7
3413,4
3414,75
3415,75
3416,4
3417,4
3418,4
3419,7
3420,7
3421,7
3422,7
3423,7
3424,4
3425,75
3426,7
3427,7
3428,4
3429,75
3430,7
3431,4
3432,75
3433,7
3434,7
3435,4
3436,7
3437,4
3438,5
3439,7
3440,5
3441,5
3442,5
3443,7
3444,7
3445,5
3446,7
3447,5
3448,7
3449,7
3450,5
3451,7
3452,5
3453,5
3454,7
3455,7
3456,7
3457,7
3458,5
3459,75
3460,75
3461,5
3462,5
3463,5
3464,5
3465,5
3466,75
3467,7
3468,7
3469,5
3470,75
3471,75
3472,7
3473,7
3474,5
3475,5
3476,7
3477,5
3478,7
3479,7
3480,7
3481,5
3482,5
3483,5
3484,75
3485,7
3486,7
3487,5
3488,5
3489,7
3490,5
3491,7
3492,75
3493,7
3494,7
3495,80
3496,20
3497,80
3498,80
3499,20
3500,80
3501,80
3502,20
3503,80
3504,80
3505,80
3506,80
3507,80
3508,20
3509,20
3510,4
3511,0
3512,0
3513,4
3514,4
3515,4
3516,0
3517,4
3518,0
3519,0
3520,0
3521,0
3522,4
3523,0
3524,4
3525,0
3526,0
3527,4
3528,0
3529,4
3530,4
3531,4
3532,0
3533,0
3534,0
3535,4
3536,0
3537,0
3538,4
3539,4
3540,0
3541,0
3542,4
3543,0
3544,0
3545,4
3546,0
3547,0
3548,4
3549,0
3550,4
3551,4
3552,0
3553,4
3554,0
3555,0
3556,4
3557,4
3558,4
3559,4
3560,4
3561,0
3562,0
3563,4
3564,4
3565,0
3566,1
3567,4
3568,1
3569,4
3570,4
3571,4
3572,1
3573,1
3574,4
3575,1
3576,1
3577,4
3578,1
3579,4
3580,4
3581,1
3582,4
3583,1
3584,1
3585,4
3586,4
3587,1
3588,4
3589,4
3590,1
3591,4
3592,1
3593,1
3594,1
3595,4
3596,4
3597,1
3598,1
3599,1
3600,4
3601,4
3602,1
3603,4
3604,4
3605,1
3606,4
3607,1
3608,1
3609,1
3610,1
3611,4
3612,1
3613,1
3614,2
3615,2
3616,4
3617,4
3618,2
3619,4
3620,2
3621,2
3622,4
3623,4
3624,2
3625,2
3626,4
3627,4
3628,4
3629,2
3630,2
3631,2
3632,4
3633,4
3634,2
3635,4
3636,2
3637,4
3638,2
3639,4
3640,4
3641,4
3642,2
3643,2
3644,4
3645,4
3646,2
3647,4
3648,20
3649,80
3650,80
3651,11
3652,5
3653,11
3654,16
3655,11
3656,11
3657,5
3658,11
3659,11
3660,11
3661,16
3662,11
3663,85
3664,16
3665,11
3666,11
3667,11
3668,11
3669,11
3670,11
3671,16
3672,16
3673,11
3674,16
3675,11
3676,16
3677,11
3678,11
3679,11
3680,16
3681,16
3682,11
3683,16
3684,11
3685,16
3686,16
3687,85
3688,11
3689,11
3690,16
3691,16
3692,11
3693,16
3694,16
3695,11
3696,11
3697,11
3698,11
3699,16
3700,16
3701,11
3702,11
3703,11
3704,11
3705,5
3706,16
3707,11
3708,11
3709,85
3710,11
3711,5
3712,11
3713,5
3714,11
3715,11
3716,11
3717,16
3718,11
3719,11
3720,5
3721,11
3722,11
3723,5
3724,16
3725,16
3726,5
3727,12
3728,85
3729,85
3730,85
3731,85
3732,85
3733,9
3734,85
3735,85
3736,9
3737,85
3738,85
3739,9
3740,9
3741,85
3742,9
3743,85
3744,9
3745,9
3746,9
3747,16
3748,16
3749,16
3750,85
3751,5
3752,85
3753,85
3754,85
3755,85
3756,85
3757,85
3758,85
3759,85
3760,85
3761,85
3762,85
3763,85
3764,85
3765,85
3766,5
3767,85
3768,85
3769,85
3770,85
3771,85
3772,65
3773,65
3774,65
3775,65
3776,2
3777,65
3778,65
3779,16
3780,65
3781,5
3782,65
3783,65
3784,2
3785,65
3786,65
3787,65
3788,65
3789,65
3790,65
3791,65
3792,65
3793,16
3794,16
3795,16
3796,65
3797,16
3798,65
3799,16
3800,16
3801,16
3802,16
3803,16
3804,16
3805,16
3806,16
3807,16
3808,16
3809,16
3810,16
3811,16
3812,65
3813,16
3814,16
3815,16
3816,16
3817,16
3818,16
3819,16
3820,16
3821,2
3822,2
3823,2
3824,2
3825,2
3826,2
3827,5
3828,2
3829,5
3830,6
3831,2
3832,9
3833,9
3834,9
3835,9
3836,9
3837,9
3838,12
3839,6
3840,6
3841,12
3842,6
3843,6
3844,12
3845,6
3846,12
3847,12
3848,6
3849,12
3850,6
3851,6
3852,6
3853,12
3854,6
3855,6
3856,6
3857,12
3858,12
3859,6
3860,12
3861,12
3862,6
3863,12
3864,12
3865,6
3866,12
3867,17
3868,17
3869,17
3870,17
3871,17
3872,17
3873,17
3874,17
3875,65
3876,17
3877,17
3878,17
3879,17
3880,17
3881,65
3882,8
3883,8
3884,8
3885,18
3886,18
3887,8
3888,18
3889,18
3890,18
3891,18
3892,18
3893,18
3894,8
3895,65
3896,65
3897,8
3898,6
3899,6
3900,6
3901,6
3902,6
3903,8
3904,6
3905,6
3906,18
3907,18
3908,18
3909,18
3910,18
3911,19
3912,19
3913,19
3914,8
3915,19
3916,8
3917,65
3918,0
3919,0
3920,0
3921,0
3922,0
3923,0
3924,0
3925,0
3926,0
3927,0
3928,0
3929,0
3930,0
3931,0
3932,0
3933,0
3934,0
3935,0
3936,0
3937,65
3938,65
3939,0
3940,0
3941,0
3942,0
3943,0
3944,65
3945,65
3946,0
3947,0
3948,0
3949,65
3950,65
3951,4
3952,65
3953,0
3954,0
3955,0
3956,0
3957,0
3958,0
3959,0
3960,0
3961,0
3962,0
3963,0
3964,0
3965,0
3966,0
3967,0
3968,0
3969,0
3970,0
3971,0
3972,0
3973,0
3974,0
3975,0
3976,0
3977,0
3978,0
3979,0
3980,0
3981,0
3982,0
3983,0
3984,0
3985,0
3986,0
3987,0
3988,0
3989,0
3990,0
3991,0
3992,0
3993,0
3994,65
3995,65
3996,4
3997,0
3998,65
3999,0
4000,0
4001,0
4002,0
4003,0
4004,0
4005,65
4006,65
4007,65
4008,4
4009,65
4010,0
4011,0
4012,0
4013,0
4014,0
4015,0
4016,0
4017,0
4018,0
4019,0
4020,0
4021,65
4022,65
4023,0
4024,0
4025,0
4026,0
4027,0
4028,0
4029,0
4030,0
4031,0
4032,0
4033,0
4034,0
4035,0
4036,0
4037,0
4038,65
4039,4
4040,0
4041,0
4042,0
4043,0
4044,0
4045,0
4046,0
4047,0
4048,0
4049,0
4050,65
4051,4
4052,0
4053,0
4054,0
4055,0
4056,0
4057,0
4058,0
4059,0
4060,4
4061,0
4062,0
4063,0
4064,0
4065,0
4066,0
4067,0
4068,0
4069,0
4070,0
4071,0
4072,0
4073,0
4074,0
4075,0
4076,65
4077,65
4078,4
4079,65
4080,0
4081,0
4082,0
4083,0
4084,0
4085,0
4086,0
4087,0
4088,0
4089,0
4090,0
4091,0
4092,0
4093,0
4094,0
4095,65
4096,65
4097,65
4098,65
4099,4
4100,0
4101,0
4102,0
4103,0
4104,0
4105,0
4106,0
4107,0
4108,0
4109,0
4110,0
4111,0
4112,0
4113,0
4114,0
4115,0
4116,0
4117,65
4118,65
4119,65
4120,4
4121,0
4122,0
4123,0
4124,0
4125,0
4126,0
4127,0
4128,65
4129,65
4130,0
4131,0
4132,0
4133,0
4134,0
4135,65
4136,65
4137,8
4138,65
4139,65
4140,0
4141,0
4142,0
4143,0
4144,0
4145,0
4146,0
4147,0
4148,0
4149,0
4150,0
4151,0
4152,65
4153,4
4154,0
4155,0
4156,0
4157,0
4158,0
4159,0
4160,0
4161,4
4162,0
4163,0
4164,0
4165,0
4166,0
4167,0
4168,0
4169,0
4170,0
4171,0
4172,0
4173,0
4174,0
4175,0
4176,0
4177,0
4178,0
4179,0
4180,0
4181,0
4182,0
4183,65
4184,4
4185,0
4186,0
4187,0
4188,0
4189,0
4190,0
4191,0
4192,0
4193,0
4194,0
4195,0
4196,65
4197,65
4198,65
4199,65
4200,4
4201,0
4202,0
4203,7
4204,7
4205,7
4206,7
4207,7
4208,7
4209,7
4210,7
4211,7
4212,7
4213,7
4214,7
4215,7
4216,7
4217,7
4218,7
4219,7
4220,7
4221,7
4222,7
4223,7
4224,7
4225,7
4226,7
4227,7
4228,7
4229,7
4230,7
4231,7
4232,7
4233,7
4234,7
4235,7
4236,7
4237,7
4238,7
4239,7
4240,7
4241,7
4242,7
4243,7
4244,7
4245,7
4246,7
4247,7
4248,7
4249,7
4250,7
4251,7
4252,7
4253,7
4254,7
4255,7
4256,7
4257,8
4258,8
4259,8
4260,8
4261,8
4262,8
4263,8
4264,8
4265,8
4266,8
4267,8
4268,8
4269,8
4270,8
4271,8
4272,8
4273,8
4274,8
4275,8
4276,8
4277,8
4278,8
4279,8
4280,8
4281,8
4282,0
4283,8
4284,8
4285,8
4286,8
4287,8
4288,8
4289,8
4290,8
4291,8
4292,8
4293,8
4294,8
4295,8
4296,8
4297,8
4298,8
4299,8
4300,8
4301,8
4302,8
4303,8
4304,8
4305,8
4306,8
4307,8
4308,8
4309,8
4310,8
4311,8
4312,8
4313,8
4314,8
4315,8
4316,8
4317,8
4318,8
4319,8
4320,8
4321,8
4322,8
4323,8
4324,8
4325,8
4326,8
4327,8
4328,8
4329,8
4330,8
4331,8
4332,8
4333,8
4334,8
4335,8
4336,8
4337,8
4338,8
4339,8
4340,8
4341,8
4342,8
4343,8
4344,8
4345,8
4346,8
4347,8
4348,8
4349,8
4350,8
4351,8
4352,8
4353,8
4354,8
4355,8
4356,8
4357,8
4358,8
4359,8
4360,8
4361,8
4362,8
4363,8
4364,8
4365,8
4366,9
4367,9
4368,9
4369,9
4370,9
4371,9
4372,9
4373,9
4374,9
4375,9
4376,9
4377,9
4378,9
4379,9
4380,9
4381,9
4382,9
4383,9
4384,9
4385,9
4386,9
4387,9
4388,9
4389,9
4390,9
4391,9
4392,9
4393,9
4394,9
4395,9
4396,9
4397,9
4398,9
4399,9
4400,9
4401,9
4402,9
4403,9
4404,9
4405,9
4406,9
4407,9
4408,9
4409,9
4410,9
4411,9
4412,9
4413,9
4414,9
4415,9
4416,9
4417,9
4418,9
4419,9
4420,9
4421,9
4422,9
4423,9
4424,9
4425,9
4426,9
4427,9
4428,9
4429,9
4430,9
4431,9
4432,9
4433,9
4434,9
4435,9
4436,9
4437,9
4438,9
4439,9
4440,9
4441,9
4442,9
4443,9
4444,9
4445,9
4446,9
4447,9
4448,9
4449,9
4450,9
4451,9
4452,9
4453,9
4454,9
4455,9
4456,9
4457,9
4458,9
4459,9
4460,9
4461,9
4462,9
4463,9
4464,9
4465,9
4466,9
4467,9
4468,9
4469,9
4470,9
4471,9
4472,9
4473,9
4474,9
4475,9
4476,9
4477,9
4478,9
4479,9
4480,9
4481,9
4482,9
4483,9
4484,9
4485,9
4486,9
4487,9
4488,9
4489,9
4490,9
4491,9
4492,9
4493,9
4494,9
4495,9
4496,9
4497,9
4498,9
4499,9
4500,9
4501,9
4502,9
4503,9
4504,9
4505,9
4506,9
4507,9
4508,9
4509,9
4510,9
4511,70
4512,70
4513,70
4514,70
4515,70
4516,70
4517,70
4518,70
4519,70
4520,70
4521,70
4522,70
4523,70
4524,70
4525,70
4526,70
4527,70
4528,70
4529,70
4530,70
4531,70
4532,80
4533,80
4534,80
4535,80
4536,80
4537,80
4538,80
4539,80
4540,80
4541,80
4542,80
4543,80
4544,80
4545,80
4546,80
4547,80
4548,80
4549,80
4550,80
4551,80
4552,80
4553,80
4554,80
4555,80
4556,80
4557,80
4558,80
4559,80
4560,80
4561,80
4562,80
4563,80
4564,80
4565,80
4566,80
4567,80
4568,80
4569,80
4570,80
4571,80
4572,80
4573,80
4574,1
4575,1
4576,1
4577,1
4578,1
4579,1
4580,1
4581,1
4582,1
4583,1
4584,1
4585,1
4586,1
4587,1
4588,1
4589,1
4590,1
4591,1
4592,1
4593,1
4594,1
4595,1
4596,1
4597,1
4598,1
4599,1
4600,1
4601,1
4602,1
4603,1
4604,1
4605,1
4606,1
4607,1
4608,1
4609,1
4610,1
4611,1
4612,1
4613,10
4614,10
4615,1
4616,1
4617,1
4618,1
4619,1
4620,1
4621,1
4622,1
4623,1
4624,1
4625,1
4626,1
4627,1
4628,1
4629,1
4630,1
4631,1
4632,1
4633,1
4634,1
4635,1
4636,1
4637,1
4638,4
4639,1
4640,1
4641,1
4642,1
4643,1
4644,1
4645,1
4646,1
4647,1
4648,1
4649,1
4650,1
4651,1
4652,1
4653,1
4654,1
4655,1
4656,1
4657,1
4658,1
4659,1
4660,1
4661,1
4662,1
4663,1
4664,1
4665,1
4666,1
4667,1
4668,1
4669,1
4670,1
4671,1
4672,1
4673,1
4674,1
4675,1
4676,4
4677,1
4678,1
4679,1
4680,1
4681,1
4682,1
4683,1
4684,1
4685,1
4686,1
4687,1
4688,1
4689,1
4690,1
4691,1
4692,1
4693,1
4694,1
4695,1
4696,1
4697,1
4698,1
4699,1
4700,1
4701,1
4702,1
4703,1
4704,1
4705,1
4706,1
4707,1
4708,1
4709,1
4710,1
4711,4
4712,1
4713,1
4714,1
4715,1
4716,1
4717,1
4718,1
4719,1
4720,1
4721,1
4722,1
4723,1
4724,1
4725,1
4726,1
4727,1
4728,1
4729,1
4730,1
4731,1
4732,1
4733,1
4734,1
4735,1
4736,1
4737,1
4738,1
4739,1
4740,1
4741,1
4742,1
4743,1
4744,1
4745,1
4746,1
4747,1
4748,1
4749,1
4750,1
4751,1
4752,1
4753,1
4754,1
4755,1
4756,1
4757,1
4758,1
4759,1
4760,1
4761,1
4762,1
4763,1
4764,1
4765,1
4766,1
4767,1
4768,1
4769,1
4770,1
4771,4
4772,1
4773,1
4774,1
4775,1
4776,1
4777,1
4778,1
4779,1
4780,1
4781,1
4782,1
4783,1
4784,1
4785,1
4786,1
4787,1
4788,1
4789,1
4790,1
4791,1
4792,1
4793,1
4794,1
4795,1
4796,1
4797,1
4798,1
4799,1
4800,5
4801,1
4802,1
4803,5
4804,5
4805,5
4806,5
4807,5
4808,3
4809,5
4810,5
4811,5
4812,5
4813,5
4814,5
4815,5
4816,5
4817,5
4818,5
4819,5
4820,5
4821,3
4822,5
4823,5
4824,5
4825,5
4826,5
4827,5
4828,5
4829,5
4830,5
4831,5
4832,5
4833,5
4834,5
4835,5
4836,5
4837,5
4838,5
4839,5
4840,5
4841,5
4842,5
4843,5
4844,5
4845,5
4846,5
4847,5
4848,5
4849,5
4850,5
4851,4
4852,4
4853,4
4854,4
4855,4
4856,4
4857,4
4858,4
4859,4
4860,4
4861,4
4862,4
4863,4
4864,4
4865,4
4866,4
4867,4
4868,4
4869,4
4870,4
4871,4
4872,4
4873,4
4874,4
4875,4
4876,4
4877,4
4878,4
4879,4
4880,4
4881,4
4882,4
4883,4
4884,4
4885,4
4886,4
4887,4
4888,4
4889,4
4890,4
4891,4
4892,4
4893,4
4894,4
4895,4
4896,4
4897,4
4898,4
4899,4
4900,4
4901,4
4902,4
4903,4
4904,0
4905,0
4906,3
4907,3
4908,0
4909,0
4910,0
4911,10
4912,3
4913,3
4914,3
4915,3
4916,3
4917,3
4918,0
4919,3
4920,3
4921,3
4922,0
4923,3
4924,0
4925,0
4926,3
4927,3
4928,3
4929,0
4930,3
4931,3
4932,0
4933,3
4934,3
4935,3
4936,0
4937,3
4938,0
4939,3
4940,3
4941,3
4942,3
4943,3
4944,10
4945,0
4946,0
4947,3
4948,0
4949,3
4950,3
4951,0
4952,3
4953,3
4954,0
4955,10
4956,3
4957,0
4958,0
4959,0
4960,0
4961,3
4962,3
4963,0
4964,3
4965,3
4966,3
4967,3
4968,3
4969,0
4970,0
4971,3
4972,0
4973,0
4974,3
4975,0
4976,0
4977,3
4978,3
4979,0
4980,0
4981,0
4982,10
4983,3
4984,0
4985,0
4986,3
4987,3
4988,3
4989,3
4990,3
4991,0
4992,3
4993,0
4994,3
4995,0
4996,0
4997,0
4998,3
4999,0
5000,3
5001,3
5002,0
5003,3
5004,0
5005,3
5006,0
5007,3
5008,3
5009,0
5010,3
5011,3
5012,0
5013,3
5014,0
5015,0
5016,0
5017,3
5018,3
5019,0
5020,0
5021,3
5022,3
5023,3
5024,0
5025,0
5026,3
5027,0
5028,3
5029,3
5030,0
5031,3
5032,0
5033,0
5034,3
5035,0
5036,3
5037,0
5038,0
5039,3
5040,0
5041,3
5042,3
5043,3
5044,0
5045,3
5046,0
5047,3
5048,0
5049,3
5050,0
5051,3
5052,0
5053,0
5054,10
5055,0
5056,0
5057,0
5058,3
5059,0
5060,3
5061,0
5062,3
5063,0
5064,3
5065,0
5066,0
5067,3
5068,3
5069,0
5070,3
5071,0
5072,3
5073,0
5074,3
5075,3
5076,0
5077,3
5078,0
5079,3
5080,0
5081,3
5082,0
5083,0
5084,3
5085,0
5086,0
5087,0
5088,0
5089,0
5090,0
5091,0
5092,10
5093,0
5094,0
5095,0
5096,0
5097,0
5098,0
5099,0
5100,0
5101,0
5102,0
5103,0
5104,0
5105,0
5106,0
5107,0
5108,0
5109,0
5110,0
5111,0
5112,0
5113,0
5114,0
5115,0
5116,0
5117,0
5118,0
5119,0
5120,0
5121,0
5122,0
5123,0
5124,0
5125,0
5126,0
5127,0
5128,0
5129,0
5130,0
5131,0
5132,0
5133,0
5134,0
5135,0
5136,0
5137,3
5138,0
5139,0
5140,0
5141,0
5142,0
5143,0
5144,16
5145,16
5146,16
5147,16
5148,16
5149,16
5150,16
5151,16
5152,16
5153,16
5154,16
5155,16
5156,16
5157,16
5158,16
5159,16
5160,16
5161,16
5162,16
5163,16
5164,16
5165,16
5166,16
5167,16
5168,16
5169,16
5170,16
5171,16
5172,16
5173,16
5174,16
5175,16
5176,16
5177,16
5178,16
5179,16
5180,16
5181,16
5182,16
5183,16
5184,16
5185,16
5186,16
5187,16
5188,16
5189,16
5190,16
5191,16
5192,16
5193,16
5194,16
5195,16
5196,16
5197,16
5198,16
5199,16
5200,16
5201,16
5202,16
5203,16
5204,16
5205,16
5206,16
5207,16
5208,16
5209,16
5210,16
5211,16
5212,16
5213,16
5214,16
5215,16
5216,16
5217,16
5218,16
5219,16
5220,16
5221,16
5222,16
5223,16
5224,16
5225,16
5226,16
5227,16
5228,16
5229,16
5230,16
5231,16
5232,16
5233,16
5234,16
5235,16
5236,16
5237,16
5238,16
5239,16
5240,16
5241,16
5242,16
5243,16
5244,16
5245,16
5246,16
5247,16
5248,16
5249,16
5250,16
5251,16
5252,16
5253,16
5254,16
5255,16
5256,16
5257,16
5258,16
5259,16
5260,16
5261,16
5262,16
5263,16
5264,16
5265,16
5266,16
5267,16
5268,16
5269,16
5270,16
5271,16
5272,16
5273,16
5274,16
5275,16
5276,16
5277,16
5278,16
5279,16
5280,16
5281,16
5282,16
5283,16
5284,16
5285,16
5286,7
5287,7
5288,2
5289,2
5290,7
5291,2
5292,2
5293,7
5294,2
5295,7
5296,7
5297,7
5298,7
5299,2
5300,7
5301,2
5302,2
5303,2
5304,2
5305,7
5306,7
5307,2
5308,2
5309,7
5310,7
5311,2
5312,2
5313,7
5314,2
5315,2
5316,2
5317,7
5318,2
5319,7
5320,2
5321,7
5322,7
5323,7
5324,7
5325,2
5326,7
5327,2
5328,2
5329,2
5330,2
5331,2
5332,7
5333,2
5334,7
5335,7
5336,2
5337,2
5338,7
5339,2
5340,2
5341,2
5342,2
5343,2
5344,7
5345,7
5346,2
5347,2
5348,2
5349,2
5350,7
5351,2
5352,7
5353,7
5354,2
5355,2
5356,7
5357,2
5358,2
5359,2
5360,2
5361,2
5362,2
5363,2
5364,15
5365,15
5366,15
5367,15
5368,15
5369,15
5370,15
5371,15
5372,15
5373,15
5374,15
5375,15
5376,15
5377,15
5378,15
5379,15
5380,15
5381,15
5382,15
5383,15
5384,15
5385,15
5386,15
5387,15
5388,15
5389,11
5390,11
5391,15
5392,15
5393,11
5394,15
5395,15
5396,15
5397,15
5398,15
5399,15
5400,15
5401,15
5402,11
5403,15
5404,15
5405,15
5406,16
5407,16
5408,16
5409,16
5410,16
5411,16
5412,16
5413,16
5414,16
5415,16
5416,16
5417,16
5418,16
5419,16
5420,16
5421,16
5422,16
5423,16
5424,16
5425,16
5426,16
5427,16
5428,16
5429,16
5430,16
5431,16
5432,16
5433,11
5434,16
5435,16
5436,16
5437,16
5438,16
5439,16
5440,16
5441,16
5442,16
5443,11
5444,11
5445,16
5446,11
5447,11
5448,16
5449,16
5450,16
5451,11
5452,16
5453,6
5454,6
5455,60
5456,6
5457,6
5458,2
5459,60
5460,60
5461,6
5462,60
5463,6
5464,2
5465,60
5466,6
5467,6
5468,2
5469,6
5470,2
5471,60
5472,2
5473,6
5474,60
5475,2
5476,2
5477,60
5478,6
5479,60
5480,2
5481,2
5482,60
5483,60
5484,2
5485,60
5486,6
5487,60
5488,6
5489,60
5490,2
5491,6
5492,2
5493,2
5494,6
5495,60
5496,6
5497,2
5498,2
5499,60
5500,6
5501,2
5502,60
5503,6
5504,60
5505,2
5506,2
5507,60
5508,6
5509,2
5510,60
5511,6
5512,6
5513,2
5514,60
5515,2
5516,60
5517,2
5518,6
5519,60
5520,60
5521,6
5522,6
5523,2
5524,6
5525,60
5526,6
5527,6
5528,2
5529,6
5530,60
5531,2
5532,6
5533,6
5534,60
5535,2
5536,60
5537,6
5538,6
5539,2
5540,2
5541,6
5542,60
5543,2
5544,6
5545,6
5546,60
5547,60
5548,6
5549,60
5550,2
5551,60
5552,6
5553,6
5554,6
5555,60
5556,60
5557,60
5558,60
5559,60
5560,60
5561,60
5562,60
5563,60
5564,60
5565,60
5566,60
5567,60
5568,60
5569,60
5570,60
5571,60
5572,60
5573,60
5574,60
5575,60
5576,60
5577,60
5578,60
5579,60
5580,60
5581,60
5582,60
5583,60
5584,60
5585,60
5586,60
5587,60
5588,60
5589,60
5590,60
5591,60
5592,60
5593,60
5594,4
5595,4
5596,4
5597,4
5598,1
5599,75
5600,4
5601,75
5602,4
5603,1
5604,4
5605,1
5606,4
5607,4
5608,4
5609,75
5610,4
5611,4
5612,1
5613,4
5614,4
5615,1
5616,75
5617,1
5618,1
5619,16
5620,16
5621,16
5622,16
5623,4
5624,11
5625,1
5626,4
5627,1
5628,4
5629,4
5630,4
5631,1
5632,1
5633,1
5634,16
5635,4
5636,1
5637,1
5638,4
5639,1
5640,4
5641,11
5642,1
5643,4
5644,4
5645,1
5646,16
5647,16
5648,16
5649,16
5650,4
5651,1
5652,1
5653,4
5654,4
5655,4
5656,11
5657,11
5658,17
5659,11
5660,11
5661,17
5662,17
5663,11
5664,11
5665,11
5666,11
5667,11
5668,17
5669,11
5670,11
5671,11
5672,11
5673,17
5674,11
5675,11
5676,11
5677,17
5678,11
5679,11
5680,17
5681,17
5682,11
5683,11
5684,11
5685,11
5686,11
5687,11
5688,11
5689,17
5690,17
5691,11
5692,17
5693,17
5694,11
5695,11
5696,1
5697,1
5698,1
5699,1
5700,1
5701,3
5702,1
5703,1
5704,1
5705,1
5706,3
5707,1
5708,1
5709,1
5710,1
5711,3
5712,1
5713,1
5714,1
5715,3
5716,3
5717,1
5718,3
5719,3
5720,1
5721,1
5722,3
5723,1
5724,1
5725,3
5726,1
5727,1
5728,1
5729,3
5730,3
5731,1
5732,1
5733,3
5734,1
5735,1
5736,1
5737,1
5738,3
5739,1
5740,1
5741,3
5742,1
5743,1
5744,3
5745,1
5746,1
5747,1
5748,1
5749,1
5750,3
5751,1
5752,1
5753,1
5754,3
5755,1
5756,1
5757,1
5758,1
5759,1
5760,1
5761,1
5762,1
5763,3
5764,3
5765,1
5766,3
5767,1
5768,1
5769,1
5770,1
5771,1
5772,1
5773,1
5774,1
5775,1
5776,1
5777,3
5778,1
5779,3
5780,1
5781,1
5782,1
5783,3
5784,1
5785,1
5786,1
5787,1
5788,3
5789,1
5790,3
5791,1
5792,1
5793,1
5794,1
5795,1
5796,1
5797,1
5798,3
5799,1
5800,3
5801,1
5802,1
5803,1
5804,3
5805,9
5806,9
5807,9
5808,9
5809,9
5810,9
5811,9
5812,9
5813,9
5814,9
5815,9
5816,9
5817,9
5818,9
5819,9
5820,9
5821,9
5822,9
5823,9
5824,9
5825,9
5826,9
5827,9
5828,9
5829,9
5830,9
5831,9
5832,9
5833,12
5834,12
5835,12
5836,12
5837,12
5838,12
5839,12
5840,12
5841,12
5842,4
5843,12
5844,12
5845,12
5846,12
5847,12
5848,12
5849,12
5850,12
5851,12
5852,75
5853,75
5854,12
5855,12
5856,12
5857,12
5858,12
5859,12
5860,12
5861,12
5862,12
5863,12
5864,12
5865,12
5866,12
5867,12
5868,12
5869,12
5870,12
5871,0
5872,12
5873,12
5874,12
5875,12
5876,12
5877,12
5878,75
5879,12
5880,12
5881,12
5882,12
5883,12
5884,12
5885,4
5886,75
5887,0
5888,75
5889,0
5890,75
5891,0
5892,75
5893,4
5894,4
5895,4
5896,75
5897,75
5898,75
5899,0
5900,75
5901,4
5902,75
5903,4
5904,75
5905,75
5906,4
5907,4
5908,75
5909,4
5910,4
5911,75
5912,4
5913,4
5914,4
5915,75
5916,13
5917,6
5918,11
5919,11
5920,17
5921,17
5922,11
5923,11
5924,6
5925,6
5926,6
5927,6
5928,6
5929,6
5930,6
5931,6
5932,6
5933,6
5934,6
5935,6
5936,6
5937,6
5938,6
5939,6
5940,6
5941,6
5942,6
5943,6
5944,6
5945,6
5946,6
5947,6
5948,18
5949,18
5950,18
5951,18
5952,18
5953,18
5954,18
5955,18
5956,18
5957,18
5958,18
5959,18
5960,18
5961,18
5962,18
5963,18
5964,18
5965,11
5966,18
5967,18
5968,11
5969,11
5970,11
5971,11
5972,18
5973,18
5974,2
5975,2
5976,2
5977,2
5978,2
5979,2
5980,2
5981,2
5982,75
5983,75
5984,6
5985,75
5986,2
5987,2
5988,2
5989,6
5990,2
5991,2
5992,2
5993,2
5994,2
5995,6
5996,2
5997,6
5998,2
5999,0
6000,0
6001,0
6002,0
6003,0
6004,0
6005,0
6006,0
6007,0
6008,0
6009,0
6010,0
6011,6
6012,13
6013,13
6014,65
6015,13
6016,13
6017,65
6018,13
6019,13
6020,7
6021,7
6022,7
6023,7
6024,7
6025,7
6026,7
6027,7
6028,7
6029,5
6030,7
6031,7
6032,7
6033,7
6034,7
6035,7
6036,7
6037,7
6038,65
6039,7
6040,7
6041,7
6042,7
6043,7
6044,7
6045,7
6046,7
6047,7
6048,7
6049,7
6050,7
6051,7
6052,7
6053,7
6054,5
6055,7
6056,7
6057,7
6058,7
6059,7
6060,7
6061,7
6062,65
6063,7
6064,7
6065,7
6066,7
6067,7
6068,7
6069,7
6070,5
6071,5
6072,65
6073,7
6074,7
6075,65
6076,7
6077,65
6078,7
6079,7
6080,7
6081,7
6082,7
6083,7
6084,65
6085,7
6086,7
6087,7
6088,7
6089,7
6090,7
6091,7
6092,7
6093,7
6094,65
6095,7
6096,7
6097,7
6098,7
6099,7
6100,7
6101,7
6102,7
6103,7
6104,7
6105,7
6106,7
6107,7
6108,7
6109,7
6110,7
6111,7
6112,7
6113,7
6114,7
6115,65
6116,8
6117,8
6118,8
6119,8
6120,8
6121,8
6122,65
6123,65
6124,8
6125,65
6126,65
6127,8
6128,8
6129,8
6130,8
6131,8
6132,8
6133,8
6134,8
6135,8
6136,8
6137,8
6138,8
6139,8
6140,65
6141,8
6142,65
6143,8
6144,5
6145,8
6146,65
6147,8
6148,8
6149,8
6150,8
6151,8
6152,8
6153,8
6154,8
6155,65
6156,8
6157,8
6158,8
6159,8
6160,8
6161,8
6162,8
6163,8
6164,8
6165,8
6166,8
6167,8
6168,65
6169,65
6170,8
6171,65
6172,8
6173,8
6174,8
6175,8
6176,8
6177,8
6178,8
6179,8
6180,8
6181,8
6182,8
6183,8
6184,8
6185,8
6186,8
6187,8
6188,65
6189,8
6190,8
6191,8
6192,8
6193,8
6194,8
6195,65
6196,8
6197,8
6198,8
6199,8
6200,8
6201,8
6202,5
6203,8
6204,8
6205,8
6206,8
6207,8
6208,8
6209,8
6210,8
6211,8
6212,8
6213,8
6214,8
6215,8
6216,8
6217,8
6218,8
6219,8
6220,5
6221,8
6222,8
6223,8
6224,8
6225,8
6226,8
6227,8
6228,8
6229,8
6230,8
6231,8
6232,8
6233,8
6234,8
6235,8
6236,8
6237,8
6238,8
6239,8
6240,5
6241,8
6242,5
6243,8
6244,8
6245,8
6246,8
6247,8
6248,8
6249,8
6250,8
6251,8
6252,8
6253,8
6254,8
6255,8
6256,8
6257,8
6258,8
6259,8
6260,8
6261,8
6262,8
6263,8
6264,8
6265,8
6266,8
6267,8
6268,8
6269,8
6270,8
6271,8
6272,8
6273,8
6274,8
6275,8
6276,8
6277,8
6278,8
6279,8
6280,8
6281,8
6282,8
6283,8
6284,8
6285,8
6286,8
6287,8
6288,8
6289,8
6290,8
6291,8
6292,8
6293,5
6294,8
6295,8
6296,8
6297,8
6298,4
6299,9
6300,4
6301,9
6302,2
6303,4
6304,9
6305,4
6306,4
6307,9
6308,4
6309,9
6310,9
6311,2
6312,9
6313,4
6314,2
6315,4
6316,9
6317,4
6318,9
6319,9
6320,4
6321,2
6322,4
6323,4
6324,9
6325,4
6326,9
6327,2
6328,9
6329,4
6330,65
6331,4
6332,4
6333,4
6334,9
6335,2
6336,2
6337,4
6338,9
6339,9
6340,9
6341,9
6342,4
6343,2
6344,4
6345,9
6346,4
6347,9
6348,4
6349,2
6350,2
6351,4
6352,4
6353,9
6354,9
6355,4
6356,9
6357,9
6358,9
6359,9
6360,9
6361,9
6362,4
6363,9
6364,9
6365,2
6366,9
6367,4
6368,9
6369,9
6370,9
6371,9
6372,9
6373,4
6374,9
6375,9
6376,4
6377,9
6378,4
6379,4
6380,9
6381,2
6382,4
6383,9
6384,2
6385,9
6386,9
6387,4
6388,9
6389,4
6390,9
6391,4
6392,4
6393,9
6394,9
6395,4
6396,2
6397,9
6398,4
6399,9
6400,9
6401,4
6402,4
6403,9
6404,4
6405,9
6406,4
6407,4
6408,4
6409,4
6410,13
6411,4
6412,4
6413,9
6414,9
6415,65
6416,4
6417,9
6418,9
6419,9
6420,2
6421,9
6422,4
6423,9
6424,9
6425,2
6426,2
6427,4
6428,4
6429,4
6430,4
6431,9
6432,4
6433,9
6434,2
6435,9
6436,9
6437,9
6438,4
6439,4
6440,9
6441,9
6442,4
6443,65
6444,9
6445,9
6446,4
6447,2
6448,2
6449,4
6450,4
6451,9
6452,9
6453,9
6454,9
6455,4
6456,2
6457,4
6458,4
6459,2
6460,2
6461,4
6462,2
6463,9
6464,4
6465,9
6466,4
6467,4
6468,4
6469,9
6470,9
6471,9
6472,4
6473,2
6474,9
6475,4
6476,9
6477,9
6478,9
6479,4
6480,10
6481,10
6482,4
6483,2
6484,2
6485,4
6486,10
6487,4
6488,10
6489,10
6490,4
6491,10
6492,4
6493,10
6494,4
6495,2
6496,10
6497,10
6498,10
6499,10
6500,10
6501,4
6502,4
6503,2
6504,10
6505,10
6506,4
6507,4
6508,4
6509,2
6510,2
6511,4
6512,10
6513,13
6514,10
6515,4
6516,4
6517,10
6518,4
6519,10
6520,2
6521,2
6522,10
6523,4
6524,10
6525,2
6526,10
6527,10
6528,4
6529,2
6530,2
6531,10
6532,10
6533,10
6534,10
6535,10
6536,13
6537,4
6538,10
6539,4
6540,13
6541,10
6542,4
6543,10
6544,4
6545,4
6546,10
6547,10
6548,4
6549,2
6550,10
6551,10
6552,4
6553,4
6554,65
6555,4
6556,10
6557,13
6558,10
6559,10
6560,4
6561,10
6562,10
6563,10
6564,10
6565,4
6566,10
6567,10
6568,10
6569,10
6570,10
6571,4
6572,4
6573,10
6574,10
6575,2
6576,4
6577,4
6578,10
6579,10
6580,4
6581,4
6582,10
6583,2
6584,10
6585,10
6586,4
6587,10
6588,4
6589,10
6590,10
6591,4
6592,10
6593,10
6594,10
6595,10
6596,10
6597,4
6598,4
6599,2
6600,10
6601,10
6602,4
6603,4
6604,4
6605,10
6606,10
6607,4
6608,10
6609,4
6610,2
6611,10
6612,10
6613,4
6614,4
6615,10
6616,10
6617,10
6618,2
6619,2
6620,10
6621,2
6622,10
6623,4
6624,2
6625,4
6626,2
6627,4
6628,2
6629,10
6630,10
6631,10
6632,10
6633,2
6634,4
6635,4
6636,10
6637,4
6638,10
6639,10
6640,4
6641,2
6642,13
6643,10
6644,10
6645,4
6646,10
6647,10
6648,10
6649,4
6650,4
6651,4
6652,10
6653,10
6654,10
6655,4
6656,10
6657,4
6658,10
6659,4
6660,10
6661,10
6662,4
6663,2
6664,10
6665,10
6666,10
6667,4
6668,4
6669,4
6670,10
6671,10
6672,10
6673,4
6674,4
6675,2
6676,4
6677,10
6678,10
6679,10
6680,10
6681,4
6682,10
6683,4
6684,4
6685,10
6686,10
6687,4
6688,2
6689,65
6690,16
6691,16
6692,16
6693,16
6694,16
6695,16
6696,16
6697,16
6698,16
6699,16
6700,16
6701,16
6702,16
6703,16
6704,16
6705,16
6706,16
6707,16
6708,16
6709,16
6710,16
6711,16
6712,16
6713,16
6714,16
6715,16
6716,11
6717,16
6718,16
6719,16
6720,16
6721,16
6722,16
6723,16
6724,16
6725,16
6726,16
6727,16
6728,16
6729,16
6730,16
6731,16
6732,16
6733,16
6734,16
6735,16
6736,16
6737,16
6738,16
6739,16
6740,16
6741,16
6742,16
6743,16
6744,16
6745,16
6746,16
6747,16
6748,16
6749,16
6750,16
6751,16
6752,16
6753,17
6754,17
6755,17
6756,17
6757,17
6758,17
6759,17
6760,17
6761,17
6762,17
6763,17
6764,17
6765,17
6766,17
6767,17
6768,17
6769,17
6770,17
6771,17
6772,17
6773,17
6774,17
6775,17
6776,17
6777,17
6778,17
6779,17
6780,17
6781,17
6782,17
6783,17
6784,17
6785,17
6786,17
6787,17
6788,17
6789,17
6790,17
6791,17
6792,17
6793,17
6794,17
6795,17
6796,17
6797,17
6798,17
6799,17
6800,17
6801,17
6802,17
6803,17
6804,17
6805,17
6806,17
6807,17
6808,17
6809,17
6810,17
6811,17
6812,17
6813,17
6814,17
6815,17
6816,17
6817,17
6818,17
6819,17
6820,17
6821,17
6822,17
6823,17
6824,17
6825,17
6826,17
6827,17
6828,17
6829,17
6830,17
6831,17
6832,17
6833,17
6834,17
6835,17
6836,17
6837,17
6838,17
6839,17
6840,17
6841,17
6842,17
6843,17
6844,17
6845,17
6846,17
6847,17
6848,17
6849,17
6850,17
6851,17
6852,17
6853,17
6854,17
6855,17
6856,17
6857,17
6858,17
6859,17
6860,17
6861,17
6862,17
6863,17
6864,17
6865,17
6866,18
6867,18
6868,18
6869,18
6870,18
6871,18
6872,18
6873,18
6874,18
6875,18
6876,18
6877,18
6878,18
6879,18
6880,18
6881,18
6882,18
6883,18
6884,18
6885,18
6886,18
6887,18
6888,18
6889,18
6890,18
6891,18
6892,18
6893,18
6894,18
6895,18
6896,18
6897,18
6898,18
6899,18
6900,18
6901,18
6902,18
6903,18
6904,18
6905,18
6906,18
6907,18
6908,18
6909,18
6910,18
6911,70
6912,60
6913,11
6914,11
6915,60
6916,60
6917,11
6918,60
6919,60
6920,60
6921,60
6922,18
6923,60
6924,60
6925,60
6926,60
6927,60
6928,11
6929,11
6930,18
6931,60
6932,60
6933,60
6934,60
6935,11
6936,11
6937,60
6938,60
6939,60
6940,18
6941,60
6942,60
6943,11
6944,60
6945,60
6946,60
6947,60
6948,60
6949,60
6950,60
6951,60
6952,60
6953,60
6954,60
6955,60
6956,60
6957,60
6958,4
6959,4
6960,11
6961,5
6962,60
6963,3
6964,60
6965,60
6966,60
6967,3
6968,60
6969,60
6970,1
6971,1
6972,1
6973,1
6974,1
6975,1
6976,1
6977,1
6978,1
6979,1
6980,1
6981,1
6982,1
6983,1
6984,1
6985,19
6986,19
6987,19
6988,19
6989,19
6990,19
6991,19
6992,19
6993,19
6994,19
6995,19
6996,19
6997,19
6998,19
6999,19
7000,19
7001,19
7002,19
7003,19
7004,19
7005,19
7006,19
7007,19
7008,19
7009,19
7010,19
7011,19
7012,19
7013,19
7014,19
7015,19
7016,19
7017,19
7018,19
7019,19
7020,19
7021,19
7022,19
7023,19
7024,19
7025,19
7026,19
7027,19
7028,19
7029,19
7030,19
7031,19
7032,19
7033,19
7034,19
7035,19
7036,19
7037,19
7038,19
7039,19
7040,19
7041,19
7042,19
7043,19
7044,19
7045,19
7046,19
7047,19
7048,19
7049,19
7050,19
7051,19
7052,19
7053,19
7054,19
7055,19
7056,19
7057,19
7058,19
7059,19
7060,19
7061,19
7062,19
7063,19
7064,19
7065,19
7066,19
7067,19
7068,19
7069,19
7070,19
7071,19
7072,19
7073,19
7074,19
7075,19
7076,19
7077,19
7078,19
7079,19
7080,19
7081,19
7082,19
7083,19
7084,19
7085,19
7086,19
7087,19
7088,19
7089,19
7090,19
7091,19
7092,19
7093,19
7094,19
7095,19
7096,19
7097,19
7098,19
7099,19
7100,19
7101,19
7102,19
7103,19
7104,19
7105,19
7106,19
7107,19
7108,19
7109,19
7110,19
7111,19
7112,19
7113,19
7114,19
7115,19
7116,19
7117,19
7118,19
7119,19
7120,19
7121,19
7122,19
7123,19
7124,19
7125,19
7126,19
7127,19
7128,19
7129,8
7130,8
7131,8
7132,8
7133,5
7134,5
7135,5
7136,8
7137,5
7138,8
7139,8
7140,8
7141,8
7142,5
7143,8
7144,8
7145,8
7146,5
7147,8
7148,5
7149,8
7150,5
7151,5
7152,8
7153,5
7154,5
7155,8
7156,8
7157,5
7158,8
7159,5
7160,8
7161,8
7162,5
7163,8
7164,5
7165,5
7166,8
7167,8
7168,8
7169,5
7170,5
7171,8
7172,5
7173,8
7174,5
7175,8
7176,5
7177,5
7178,8
7179,5
7180,5
7181,5
7182,8
7183,8
7184,5
7185,8
7186,8
7187,5
7188,5
7189,5
7190,8
7191,8
7192,8
7193,5
7194,5
7195,8
7196,0
7197,0
7198,5
7199,0
7200,0
7201,5
7202,0
7203,0
7204,5
7205,0
7206,0
7207,5
7208,5
7209,0
7210,6
7211,0
7212,6
7213,6
7214,6
7215,6
7216,6
7217,0
7218,8
7219,6
7220,0
7221,6
7222,0
7223,6
7224,0
7225,6
7226,0
7227,6
7228,6
7229,0
7230,0
7231,6
7232,0
7233,6
7234,0
7235,6
7236,0
7237,0
7238,6
7239,0
7240,0
7241,0
7242,0
7243,0
7244,0
7245,0
7246,6
7247,0
7248,6
7249,60
7250,0
7251,6
7252,0
7253,6
7254,6
7255,0
7256,0
7257,6
7258,8
7259,0
7260,0
7261,0
7262,6
7263,6
7264,0
7265,0
7266,0
7267,6
7268,6
7269,0
7270,0
7271,0
7272,6
7273,6
7274,0
7275,6
7276,0
7277,0
7278,6
7279,0
7280,0
7281,6
7282,0
7283,0
7284,6
7285,0
7286,0
7287,0
7288,0
7289,6
7290,0
7291,6
7292,0
7293,6
7294,0
7295,0
7296,0
7297,0
7298,6
7299,6
7300,6
7301,0
7302,6
7303,0
7304,0
7305,0
7306,6
7307,6
7308,6
7309,0
7310,6
7311,0
7312,6
7313,20
7314,60
7315,60
7316,60
7317,60
7318,60
7319,60
7320,20
7321,60
7322,20
7323,60
7324,60
7325,60
7326,60
7327,20
7328,60
7329,12
7330,60
7331,60
7332,1
7333,60
7334,1
7335,1
7336,60
7337,60
7338,70
7339,70
7340,70
7341,70
7342,70
7343,70
7344,70
7345,70
7346,70
7347,70
7348,20
7349,20
7350,20
7351,20
7352,20
7353,20
7354,20
7355,20
7356,20
7357,20
7358,20
7359,20
7360,20
7361,20
7362,20
7363,20
7364,20
7365,20
7366,20
7367,20
7368,20
7369,20
7370,20
7371,20
7372,20
7373,20
7374,20
7375,20
7376,20
7377,20
7378,20
7379,20
7380,20
7381,1
7382,1
7383,1
7384,1
7385,1
7386,1
7387,1
7388,1
7389,1
7390,1
7391,19
7392,19
7393,19
7394,12
7395,19
7396,12
7397,12
7398,12
7399,12
7400,19
7401,19
7402,19
7403,19
7404,19
7405,19
7406,19
7407,12
7408,19
7409,19
7410,19
7411,19
7412,19
7413,19
7414,12
7415,19
7416,19
7417,19
7418,19
7419,19
7420,19
7421,19
7422,19
7423,70
7424,12
7425,70
7426,70
7427,6
7428,70
7429,12
7430,70
7431,70
7432,20
7433,70
7434,70
7435,70
7436,70
7437,70
7438,70
7439,70
7440,70
7441,70
7442,20
7443,12
7444,6
7445,20
7446,20
7447,20
7448,20
7449,20
7450,20
7451,20
7452,20
7453,20
7454,20
7455,20
7456,20
7457,20
7458,20
7459,20
7460,3
7461,3
7462,0
7463,0
7464,3
7465,3
7466,0
7467,0
7468,3
7469,3
7470,3
7471,0
7472,3
7473,3
7474,0
7475,3
7476,16
7477,3
7478,3
7479,3
7480,3
7481,3
7482,3
7483,3
7484,3
7485,3
7486,3
7487,3
7488,3
7489,3
7490,3
7491,3
7492,0
7493,0
7494,3
7495,7
7496,3
7497,3
7498,3
7499,3
7500,0
7501,0
7502,3
7503,0
7504,0
7505,3
7506,16
7507,3
7508,3
7509,3
7510,3
7511,3
7512,3
7513,3
7514,3
7515,3
7516,3
7517,3
7518,0
7519,3
7520,0
7521,3
7522,3
7523,0
7524,0
7525,3
7526,0
7527,4
7528,0
7529,4
7530,4
7531,4
7532,0
7533,0
7534,0
7535,0
7536,4
7537,0
7538,4
7539,4
7540,0
7541,4
7542,0
7543,0
7544,4
7545,4
7546,16
7547,4
7548,0
7549,4
7550,4
7551,0
7552,0
7553,4
7554,16
7555,0
7556,7
7557,0
7558,4
7559,0
7560,4
7561,4
7562,4
7563,4
7564,4
7565,4
7566,4
7567,4
7568,4
7569,4
7570,4
7571,4
7572,4
7573,0
7574,0
7575,4
7576,0
7577,4
7578,4
7579,4
7580,4
7581,4
7582,4
7583,4
7584,4
7585,4
7586,4
7587,4
7588,0
7589,0
7590,4
7591,4
7592,4
7593,0
7594,0
7595,4
7596,4
7597,4
7598,4
7599,0
7600,0
7601,0
7602,0
7603,4
7604,0
7605,4
7606,7
7607,0
7608,16
7609,4
7610,4
7611,0
7612,4
7613,4
7614,4
7615,4
7616,4
7617,0
7618,0
7619,4
7620,0
7621,0
7622,4
7623,4
7624,4
7625,7
7626,4
7627,0
7628,0
7629,4
7630,4
7631,4
7632,4
7633,4
7634,4
7635,4
7636,4
7637,4
7638,4
7639,4
7640,4
7641,4
7642,4
7643,0
7644,4
7645,0
7646,4
7647,0
7648,0
7649,4
7650,4
7651,0
7652,4
7653,0
7654,0
7655,4
7656,4
7657,0
7658,0
7659,4
7660,4
7661,4
7662,0
7663,0
7664,0
7665,0
7666,4
7667,4
7668,4
7669,4
7670,4
7671,16
7672,4
7673,0
7674,7
7675,16
7676,4
7677,4
7678,0
7679,0
7680,4
7681,0
7682,4
7683,4
7684,0
7685,4
7686,0
7687,4
7688,4
7689,4
7690,4
7691,0
7692,0
7693,4
7694,4
7695,4
7696,4
7697,0
7698,4
7699,7
7700,7
7701,4
7702,4
7703,0
7704,4
7705,0
7706,4
7707,0
7708,0
7709,4
7710,4
7711,4
7712,16
7713,7
7714,4
7715,0
7716,4
7717,4
7718,4
7719,0
7720,0
7721,4
7722,4
7723,9
7724,0
7725,4
7726,4
7727,0
7728,0
7729,0
7730,4
7731,4
7732,0
7733,0
7734,4
7735,4
7736,4
7737,4
7738,4
7739,4
7740,4
7741,4
7742,4
7743,4
7744,4
7745,4
7746,4
7747,0
7748,4
7749,4
7750,4
7751,16
7752,4
7753,4
7754,4
7755,4
7756,0
7757,4
7758,0
7759,4
7760,4
7761,4
7762,0
7763,0
7764,0
7765,0
7766,0
7767,4
7768,4
7769,0
7770,4
7771,0
7772,4
7773,4
7774,0
7775,4
7776,0
7777,4
7778,4
7779,4
7780,4
7781,0
7782,4
7783,0
7784,4
7785,0
7786,4
7787,0
7788,0
7789,0
7790,4
7791,9
7792,9
7793,9
7794,1
7795,5
7796,1
7797,60
7798,1
7799,5
7800,60
7801,1
7802,1
7803,1
7804,5
7805,1
7806,5
7807,1
7808,5
7809,1
7810,1
7811,1
7812,1
7813,1
7814,9
7815,5
7816,5
7817,1
7818,5
7819,1
7820,1
7821,1
7822,1
7823,1
7824,1
7825,1
7826,60
7827,60
7828,9
7829,1
7830,1
7831,5
7832,1
7833,1
7834,5
7835,1
7836,1
7837,5
7838,1
7839,5
7840,9
7841,60
7842,1
7843,5
7844,60
7845,60
7846,60
7847,1
7848,5
7849,60
7850,60
7851,1
7852,5
7853,1
7854,9
7855,5
7856,1
7857,1
7858,5
7859,1
7860,5
7861,1
7862,60
7863,1
7864,1
7865,1
7866,9
7867,60
7868,60
7869,1
7870,1
7871,1
7872,5
7873,1
7874,5
7875,1
7876,5
7877,1
7878,9
7879,9
7880,9
7881,1
7882,60
7883,5
7884,60
7885,60
7886,1
7887,5
7888,5
7889,1
7890,9
7891,5
7892,1
7893,1
7894,60
7895,1
7896,1
7897,1
7898,5
7899,1
7900,9
7901,9
7902,60
7903,60
7904,9
7905,1
7906,5
7907,1
7908,1
7909,5
7910,1
7911,5
7912,1
7913,5
7914,60
7915,1
7916,1
7917,1
7918,60
7919,1
7920,1
7921,5
7922,1
7923,1
7924,9
7925,60
7926,60
7927,1
7928,1
7929,5
7930,1
7931,1
7932,1
7933,5
7934,1
7935,1
7936,5
7937,1
7938,1
7939,5
7940,1
7941,5
7942,5
7943,5
7944,5
7945,1
7946,1
7947,60
7948,60
7949,1
7950,60
7951,5
7952,1
7953,5
7954,1
7955,9
7956,9
7957,1
7958,1
7959,1
7960,1
7961,5
7962,1
7963,9
7964,1
7965,1
7966,1
7967,1
7968,1
7969,1
7970,5
7971,60
7972,5
7973,60
7974,5
7975,9
7976,5
7977,1
7978,1
7979,1
7980,9
7981,5
7982,1
7983,5
7984,5
7985,9
7986,1
7987,60
7988,9
7989,1
7990,1
7991,9
7992,4
7993,4
7994,1
7995,9
7996,1
7997,9
7998,4
7999,1
8000,4
8001,1
8002,1
8003,60
8004,1
8005,1
8006,1
8007,1
8008,1
8009,1
8010,1
8011,1
8012,1
8013,1
8014,1
8015,1
8016,4
8017,4
8018,4
8019,4
8020,1
8021,4
8022,4
8023,4
8024,4
8025,4
8026,1
8027,4
8028,1
8029,4
8030,1
8031,1
8032,1
8033,1
8034,60
8035,1
8036,60
8037,60
8038,1
8039,9
8040,1
8041,4
8042,1
8043,4
8044,1
8045,1
8046,4
8047,1
8048,4
8049,1
8050,4
8051,1
8052,1
8053,4
8054,1
8055,60
8056,1
8057,1
8058,1
8059,1
8060,4
8061,1
8062,1
8063,1
8064,9
8065,1
8066,4
8067,1
8068,60
8069,60
8070,60
8071,4
8072,1
8073,1
8074,4
8075,4
8076,4
8077,4
8078,1
8079,1
8080,1
8081,4
8082,1
8083,1
8084,60
8085,9
8086,4
8087,60
8088,60
8089,1
8090,4
8091,1
8092,1
8093,1
8094,4
8095,1
8096,4
8097,1
8098,1
8099,4
8100,1
8101,60
8102,60
8103,1
8104,4
8105,1
8106,1
8107,1
8108,4
8109,4
8110,1
8111,4
8112,4
8113,4
8114,4
8115,4
8116,4
8117,4
8118,4
8119,65
8120,4
8121,4
8122,4
8123,4
8124,4
8125,4
8126,4
8127,8
8128,4
8129,4
8130,4
8131,4
8132,4
8133,4
8134,4
8135,65
8136,4
8137,4
8138,4
8139,65
8140,65
8141,4
8142,4
8143,65
8144,65
8145,4
8146,65
8147,65
8148,65
8149,65
8150,4
8151,4
8152,4
8153,65
8154,4
8155,4
8156,4
8157,4
8158,4
8159,4
8160,4
8161,4
8162,4
8163,4
8164,4
8165,65
8166,4
8167,4
8168,4
8169,4
8170,4
8171,4
8172,4
8173,4
8174,4
8175,65
8176,4
8177,4
8178,4
8179,4
8180,4
8181,4
8182,4
8183,4
8184,65
8185,4
8186,4
8187,4
8188,4
8189,4
8190,4
8191,4
8192,4
8193,4
8194,65
8195,65
8196,4
8197,4
8198,4
8199,4
8200,4
8201,4
8202,4
8203,4
8204,65
8205,4
8206,4
8207,4
8208,4
8209,8
8210,4
8211,4
8212,4
8213,4
8214,4
8215,4
8216,4
8217,4
8218,65
8219,4
8220,4
8221,4
8222,4
8223,4
8224,4
8225,4
8226,4
8227,4
8228,65
8229,4
8230,65
8231,65
8232,65
8233,65
8234,65
8235,16
8236,65
8237,65
8238,65
8239,65
8240,16
8241,5
8242,65
8243,65
8244,16
8245,65
8246,65
8247,5
8248,65
8249,65
8250,65
8251,65
8252,65
8253,65
8254,65
8255,65
8256,5
8257,16
8258,65
8259,16
8260,65
8261,65
8262,65
8263,16
8264,8
8265,65
8266,65
8267,16
8268,65
8269,16
8270,65
8271,65
8272,65
8273,65
8274,65
8275,65
8276,65
8277,65
8278,65
8279,65
8280,65
8281,65
8282,16
8283,8
8284,65
8285,65
8286,65
8287,65
8288,65
8289,65
8290,16
8291,65
8292,65
8293,65
8294,16
8295,65
8296,65
8297,16
8298,8
8299,65
8300,65
8301,65
8302,65
8303,65
8304,65
8305,65
8306,65
8307,5
8308,65
8309,16
8310,16
8311,8
8312,65
8313,65
8314,65
8315,65
8316,5
8317,5
8318,5
8319,5
8320,5
8321,5
8322,5
8323,5
8324,5
8325,5
8326,5
8327,5
8328,5
8329,5
8330,5
8331,5
8332,5
8333,5
8334,5
8335,5
8336,5
8337,5
8338,5
8339,5
8340,5
8341,5
8342,5
8343,5
8344,5
8345,16
8346,70
8347,8
8348,8
8349,8
8350,8
8351,16
8352,70
8353,8
8354,16
8355,70
8356,8
8357,70
8358,16
8359,70
8360,8
8361,70
8362,70
8363,16
8364,70
8365,8
8366,8
8367,16
8368,8
8369,8
8370,16
8371,70
8372,8
8373,8
8374,8
8375,8
8376,8
8377,8
8378,8
8379,70
8380,70
8381,8
8382,8
8383,16
8384,70
8385,8
8386,16
8387,8
8388,8
8389,8
8390,8
8391,8
8392,8
8393,16
8394,70
8395,8
8396,70
8397,70
8398,8
8399,8
8400,16
8401,8
8402,8
8403,70
8404,70
8405,8
8406,8
8407,8
8408,8
8409,8
8410,8
8411,16
8412,8
8413,8
8414,16
8415,70
8416,70
8417,16
8418,16
8419,70
8420,16
8421,10
8422,10
8423,70
8424,10
8425,10
8426,10
8427,10
8428,10
8429,10
8430,10
8431,10
8432,65
8433,10
8434,10
8435,10
8436,10
8437,10
8438,10
8439,10
8440,10
8441,10
8442,15
8443,10
8444,10
8445,10
8446,10
8447,10
8448,10
8449,10
8450,10
8451,10
8452,10
8453,10
8454,10
8455,10
8456,10
8457,10
8458,10
8459,10
8460,10
8461,10
8462,10
8463,10
8464,10
8465,10
8466,10
8467,10
8468,10
8469,10
8470,10
8471,10
8472,10
8473,10
8474,10
8475,10
8476,15
8477,10
8478,65
8479,10
8480,10
8481,10
8482,10
8483,10
8484,10
8485,65
8486,65
8487,10
8488,10
8489,10
8490,10
8491,10
8492,10
8493,10
8494,10
8495,65
8496,65
8497,10
8498,10
8499,10
8500,10
8501,10
8502,10
8503,11
8504,11
8505,11
8506,11
8507,11
8508,11
8509,11
8510,11
8511,11
8512,11
8513,11
8514,11
8515,11
8516,11
8517,11
8518,11
8519,11
8520,11
8521,11
8522,11
8523,11
8524,11
8525,11
8526,11
8527,11
8528,65
8529,65
8530,11
8531,11
8532,11
8533,11
8534,11
8535,65
8536,11
8537,11
8538,11
8539,11
8540,65
8541,65
8542,11
8543,11
8544,11
8545,11
8546,11
8547,11
8548,11
8549,11
8550,11
8551,11
8552,65
8553,11
8554,11
8555,11
8556,65
8557,65
8558,11
8559,11
8560,11
8561,11
8562,65
8563,65
8564,11
8565,11
8566,11
8567,11
8568,11
8569,11
8570,11
8571,18
8572,11
8573,11
8574,11
8575,11
8576,11
8577,11
8578,11
8579,11
8580,11
8581,11
8582,11
8583,11
8584,11
8585,11
8586,12
8587,65
8588,12
8589,18
8590,18
8591,12
8592,12
8593,65
8594,65
8595,18
8596,18
8597,18
8598,18
8599,18
8600,18
8601,12
8602,18
8603,18
8604,18
8605,18
8606,18
8607,18
8608,18
8609,12
8610,12
8611,18
8612,18
8613,18
8614,18
8615,18
8616,18
8617,18
8618,18
8619,18
8620,18
8621,18
8622,18
8623,12
8624,18
8625,18
8626,18
8627,12
8628,18
8629,18
8630,18
8631,18
8632,18
8633,18
8634,12
8635,12
8636,18
8637,18
8638,12
8639,18
8640,18
8641,12
8642,18
8643,60
8644,18
8645,18
8646,18
8647,18
8648,12
8649,12
8650,70
8651,70
8652,70
8653,19
8654,70
8655,70
8656,19
8657,19
8658,70
8659,70
8660,70
8661,10
8662,19
8663,19
8664,19
8665,19
8666,70
8667,19
8668,19
8669,19
8670,19
8671,19
8672,19
8673,19
8674,70
8675,70
8676,70
8677,70
8678,19
8679,19
8680,19
8681,19
8682,70
8683,19
8684,10
8685,10
8686,70
8687,10
8688,19
8689,19
8690,19
8691,19
8692,19
8693,19
8694,19
8695,19
8696,70
8697,70
8698,70
8699,19
8700,19
8701,19
8702,19
8703,19
8704,70
8705,70
8706,70
8707,70
8708,19
8709,19
8710,19
8711,70
8712,10
8713,70
8714,70
8715,19
8716,19
8717,19
8718,19
8719,19
8720,19
8721,70
8722,70
8723,70
8724,70
8725,70
8726,70
8727,70
8728,70
8729,19
8730,19
8731,5
8732,5
8733,5
8734,5
8735,5
8736,5
8737,5
8738,5
8739,5
8740,5
8741,5
8742,5
8743,5
8744,5
8745,5
8746,5
8747,5
8748,5
8749,5
8750,5
8751,5
8752,5
8753,5
8754,5
8755,5
8756,70
8757,5
8758,5
8759,5
8760,60
8761,5
8762,60
8763,5
8764,5
8765,5
8766,4
8767,4
8768,4
8769,4
8770,4
8771,4
8772,4
8773,4
8774,4
8775,4
8776,4
8777,4
8778,4
8779,4
8780,4
8781,4
8782,4
8783,4
8784,4
8785,4
8786,4
8787,4
8788,4
8789,4
8790,4
8791,4
8792,4
8793,4
8794,4
8795,4
8796,4
8797,4
8798,60
8799,4
8800,4
8801,4
8802,4
8803,4
8804,4
8805,4
8806,20
8807,4
8808,4
8809,4
8810,60
8811,6
8812,6
8813,8
8814,6
8815,6
8816,6
8817,6
8818,8
8819,8
8820,6
8821,6
8822,17
8823,8
8824,8
8825,60
8826,17
8827,17
8828,60
8829,6
8830,6
8831,6
8832,8
8833,6
8834,8
8835,17
8836,8
8837,8
8838,6
8839,8
8840,17
8841,6
8842,6
8843,60
8844,17
8845,6
8846,8
8847,8
8848,8
8849,8
8850,6
8851,6
8852,8
8853,60
8854,17
8855,8
8856,6
8857,8
8858,17
8859,6
8860,8
8861,6
8862,6
8863,17
8864,8
8865,8
8866,6
8867,8
8868,6
8869,8
8870,6
8871,8
8872,8
8873,8
8874,6
8875,6
8876,1
8877,17
8878,60
8879,6
8880,17
8881,8
8882,8
8883,6
8884,8
8885,6
8886,6
8887,8
8888,6
8889,8
8890,8
8891,6
8892,6
8893,6
8894,8
8895,6
8896,8
8897,8
8898,8
8899,6
8900,6
8901,6
8902,8
8903,6
8904,6
8905,6
8906,5
8907,0
8908,8
8909,0
8910,5
8911,0
8912,0
8913,5
8914,0
8915,0
8916,0
8917,0
8918,0
8919,0
8920,0
8921,0
8922,5
8923,8
8924,60
8925,5
8926,0
8927,0
8928,0
8929,5
8930,60
8931,5
8932,0
8933,0
8934,5
8935,0
8936,5
8937,0
8938,0
8939,0
8940,0
8941,0
8942,0
8943,0
8944,0
8945,0
8946,0
8947,5
8948,0
8949,0
8950,5
8951,0
8952,5
8953,0
8954,8
8955,5
8956,0
8957,20
8958,20
8959,20
8960,20
8961,20
8962,20
8963,20
8964,20
8965,20
8966,20
8967,20
8968,20
8969,20
8970,20
8971,20
8972,20
8973,20
8974,20
8975,20
8976,20
8977,20
8978,20
8979,20
8980,20
8981,20
8982,20
8983,20
8984,60
8985,20
8986,20
8987,20
8988,20
8989,20
8990,20
8991,20
8992,20
8993,20
8994,20
8995,20
8996,20
8997,20
8998,20
8999,20
9000,20
9001,20
9002,20
9003,20
9004,20
9005,20
9006,60
9007,60
9008,60
9009,60
9010,60
9011,60
9012,60
9013,60
9014,60
9015,60
9016,60
9017,75
9018,9
9019,4
9020,9
9021,75
9022,75
9023,75
9024,75
9025,9
9026,9
9027,4
9028,9
9029,4
9030,9
9031,4
9032,4
9033,75
9034,75
9035,75
9036,75
9037,75
9038,75
9039,75
9040,75
9041,75
9042,75
9043,9
9044,9
9045,4
9046,4
9047,75
9048,75
9049,75
9050,75
9051,75
9052,75
9053,9
9054,9
9055,9
9056,0
9057,75
9058,15
9059,9
9060,9
9061,9
9062,9
9063,9
9064,15
9065,9
9066,9
9067,75
9068,15
9069,15
9070,15
9071,15
9072,15
9073,15
9074,9
9075,9
9076,9
9077,9
9078,9
9079,9
9080,9
9081,9
9082,9
9083,16
9084,15
9085,9
9086,15
9087,9
9088,15
9089,15
9090,9
9091,15
9092,9
9093,9
9094,15
9095,15
9096,9
9097,15
9098,9
9099,8
9100,8
9101,8
9102,8
9103,15
9104,0
9105,0
9106,0
9107,0
9108,0
9109,0
9110,0
9111,0
9112,0
9113,0
9114,0
9115,0
9116,0
9117,0
9118,0
9119,0
9120,0
9121,0
9122,0
9123,0
9124,0
9125,0
9126,0
9127,0
9128,0
9129,0
9130,0
9131,0
9132,0
9133,0
9134,0
9135,0
9136,0
9137,0
9138,0
9139,0
9140,0
9141,0
9142,0
9143,0
9144,0
9145,0
9146,0
9147,0
9148,0
9149,0
9150,0
9151,0
9152,0
9153,0
9154,0
9155,0
9156,0
9157,0
9158,0
9159,0
9160,0
9161,0
9162,0
9163,0
9164,0
9165,0
9166,0
9167,0
9168,0
9169,0
9170,8
9171,0
9172,0
9173,0
9174,8
9175,8
9176,0
9177,0
9178,0
9179,0
9180,0
9181,0
9182,0
9183,0
9184,0
9185,0
9186,0
9187,0
9188,0
9189,0
9190,0
9191,0
9192,0
9193,0
9194,0
9195,0
9196,0
9197,0
9198,0
9199,0
9200,0
9201,0
9202,0
9203,8
9204,0
9205,8
9206,0
9207,0
9208,8
9209,0
9210,0
9211,0
9212,0
9213,0
9214,0
9215,0
9216,0
9217,0
9218,0
9219,0
9220,0
9221,0
9222,0
9223,0
9224,0
9225,0
9226,0
9227,0
9228,8
9229,0
9230,0
9231,0
9232,0
9233,0
9234,0
9235,0
9236,0
9237,0
9238,0
9239,0
9240,0
9241,0
9242,0
9243,0
9244,0
9245,0
9246,0
9247,0
9248,0
9249,0
9250,0
9251,0
9252,0
9253,0
9254,0
9255,0
9256,0
9257,0
9258,0
9259,0
9260,0
9261,0
9262,0
9263,0
9264,0
9265,0
9266,15
9267,15
9268,75
9269,4
9270,15
9271,15
9272,75
9273,4
9274,4
9275,4
9276,75
9277,75
9278,75
9279,75
9280,2
9281,2
9282,2
9283,2
9284,2
9285,2
9286,2
9287,2
9288,2
9289,2
9290,2
9291,2
9292,2
9293,2
9294,2
9295,2
9296,2
9297,2
9298,2
9299,2
9300,2
9301,15
9302,15
9303,15
9304,8
9305,8
9306,15
9307,8
9308,15
9309,15
9310,15
